period,period_start,period_end,level,id,title,repos,merged_prs,noise_prs,integration_prs,ticket_count,dev_time_median_h,dev_time_p85_h,queue_median_h,queue_p85_h,queue_samples,tickets_reached_main_pct,tickets_via_team,tickets_on_main,tickets_multi_repo,multi_repo_pct,unjoined_ticket_pct,cycle_time_median_h,cycle_time_p85_h,cycle_time_samples,cycle_to_team_median_h,cycle_to_team_p85_h,cycle_to_team_samples,cycle_to_main_median_h,cycle_to_main_p85_h,cycle_to_main_samples,direct_to_main_pct,delivery_model,trunk_based_repos,time_to_main_median_h,time_to_main_p85_h,time_to_main_samples,time_to_main_coverage_pct,reached_main_pct,in_flight_changes,in_flight_pct,in_flight_median_age_h,in_flight_p85_age_h,on_main_undated,branch_deleted,time_to_main_unknown,lead_time_median_d,lead_time_p85_d,release_wait_median_d,shipped_changes,lead_samples,shipped_estimated_dates,shipped_untraceable,change_failure_rate_pct,corrective_changes,deployments,failed_deployments,cfr_source,defect_escape_rate_pct,escaped_defects,caught_defects,der_source,generated_at
2026-03,2026-03-01,2026-04-01,area,Case Administration,Case Administration,25,162,10,42,122,28.7,477.9,,,0,4.8,83,4,19,15.6,32.8,3.2,117.8,162,2.1,94.1,112,18.7,239.1,50,30.9,mixed,3,18.7,239.1,50,30.9,34.0,107,66.0,4262.2,4465.1,5,0,0,28.8,83.6,12.2,46,27,0,19,6.2,10,,,github-corrective-prs,,0,4,unavailable (no GitHub issues — needs Jira),2026-09-04T13:24:57Z
2026-03,2026-03-01,2026-04-01,area,Case Ingestion,Case Ingestion,6,10,0,1,5,141.4,834.9,,,0,20.0,5,1,3,60.0,0.0,0.8,2.9,10,0.8,2.9,10,,,0,0.0,team-branch,0,,,0,0.0,20.0,8,80.0,4165.8,4379.4,2,0,0,41.2,41.2,23.1,5,1,0,4,0.0,0,,,github-corrective-prs,,0,0,unavailable (no GitHub issues — needs Jira),2026-09-04T13:24:57Z
2026-03,2026-03-01,2026-04-01,area,Court Hearing,Court Hearing,12,52,1,31,42,18.3,557.1,,,0,2.6,38,1,13,31.0,23.8,2.0,50.1,52,1.8,47.9,46,3.1,1700.6,6,11.5,team-branch,0,3.1,1700.6,6,11.5,15.4,44,84.6,4081.3,4402.8,2,0,0,40.7,81.6,18.2,18,8,0,10,0.0,0,,,github-corrective-prs,,0,3,unavailable (no GitHub issues — needs Jira),2026-09-04T13:24:57Z
2026-03,2026-03-01,2026-04-01,area,DLRM,DLRM,2,0,0,0,0,,,,,0,,0,0,0,,,,,0,,,0,,,0,,team-branch,0,,,0,,,0,,,,0,0,0,,,,0,0,0,0,,0,,,github-corrective-prs,,0,0,unavailable (no GitHub issues — needs Jira),2026-09-04T13:24:57Z
2026-03,2026-03-01,2026-04-01,area,Management Information System,Management Information System,6,32,0,3,20,166.9,420.2,,,4,36.4,11,4,4,20.0,30.0,4.1,200.7,32,10.3,177.2,22,1.0,191.1,10,31.2,mixed,1,72.3,945.3,14,43.8,43.8,18,56.2,3934.9,4450.9,0,0,0,,,16.6,2,0,0,2,0.0,0,,,github-corrective-prs,,0,3,unavailable (no GitHub issues — needs Jira),2026-09-04T13:24:57Z
2026-03,2026-03-01,2026-04-01,area,Platform Engineering,Platform Engineering,17,56,0,16,44,70.2,929.7,,,0,2.9,34,1,15,34.1,18.2,15.8,450.7,56,5.4,214.1,44,221.0,3379.2,12,21.4,mixed,1,221.0,3379.2,12,21.4,23.2,43,76.8,4198.4,4531.9,1,0,0,112.1,157.0,22.3,29,13,0,16,0.0,0,,,github-corrective-prs,,0,1,unavailable (no GitHub issues — needs Jira),2026-09-04T13:24:57Z
2026-03,2026-03-01,2026-04-01,area,Scheduling & Listing System,Scheduling & Listing System,7,28,5,2,27,19.5,138.0,,,0,0.0,23,0,3,11.1,14.8,11.4,114.8,28,17.6,237.2,24,3.0,11.0,4,14.3,mixed,1,3.0,11.0,4,14.3,14.3,24,85.7,4416.1,4557.1,0,0,0,8.6,8.8,4.3,2,2,0,0,0.0,0,,,github-corrective-prs,,0,7,unavailable (no GitHub issues — needs Jira),2026-09-04T13:24:57Z
2026-03,2026-03-01,2026-04-01,model,unclassified,Too few changes to classify,9,0,0,1,0,,,,,0,,0,0,0,,,,,0,,,0,,,0,,unclassified,0,,,0,,,0,,,,0,0,0,54.1,54.1,8.1,1,1,0,0,,0,,,github-corrective-prs,,0,0,unavailable (no GitHub issues — needs Jira),2026-09-04T13:24:58Z
2026-03,2026-03-01,2026-04-01,model,trunk-based,"Trunk-based, no integration branch",6,37,4,0,28,14.2,213.6,,,0,,0,0,1,3.6,64.3,4.9,81.5,37,,,0,4.9,81.5,37,100.0,trunk-based,6,4.9,81.5,37,100.0,100.0,0,0.0,,,0,0,0,,,,0,0,0,0,5.4,2,,,github-corrective-prs,,0,3,unavailable (no GitHub issues — needs Jira),2026-09-04T13:24:58Z
2026-03,2026-03-01,2026-04-01,model,team-branch,Via an integration branch,60,303,12,94,200,29.6,553.9,,,4,6.5,168,11,24,12.0,25.0,3.2,180.7,303,2.4,111.7,258,25.5,896.7,45,14.9,team-branch,0,30.4,1085.0,49,16.2,19.5,244,80.5,4227.2,4466.7,10,0,0,29.7,139.4,19.3,101,50,0,51,2.6,8,,,github-corrective-prs,,0,15,unavailable (no GitHub issues — needs Jira),2026-09-04T13:24:58Z
2026-03,2026-03-01,2026-04-01,product,advocate-portal,Advocate Portal,2,6,0,2,5,66.1,173.9,,,0,0.0,4,0,2,40.0,20.0,2.3,51.9,6,1.0,20.0,5,74.1,74.1,1,16.7,team-branch,0,74.1,74.1,1,16.7,16.7,5,83.3,4394.2,4493.1,0,0,0,12.4,12.4,16.2,2,1,0,1,0.0,0,,,github-corrective-prs,,0,0,unavailable (no GitHub issues — needs Jira),2026-09-04T13:24:57Z
2026-03,2026-03-01,2026-04-01,product,audit-system,Audit System,3,12,0,0,11,95.1,289.2,,,4,100.0,4,4,0,0.0,54.5,69.8,267.6,12,143.4,284.8,4,1.7,213.6,8,66.7,mixed,1,179.8,1001.2,12,100.0,100.0,0,0.0,,,0,0,0,,,,0,0,0,0,0.0,0,,,github-corrective-prs,,0,3,unavailable (no GitHub issues — needs Jira),2026-09-04T13:24:57Z
2026-03,2026-03-01,2026-04-01,product,case-document-knowledge-system,Case Document Knowledge,3,18,0,1,16,8.2,239.9,,,0,,0,0,0,0.0,56.2,8.2,179.8,18,,,0,8.2,179.8,18,100.0,mixed,1,8.2,179.8,18,100.0,100.0,0,0.0,,,0,0,0,78.0,78.0,5.3,1,1,0,0,11.1,2,,,github-corrective-prs,,0,0,unavailable (no GitHub issues — needs Jira),2026-09-04T13:24:57Z
2026-03,2026-03-01,2026-04-01,product,case-management-system,Case Management System,17,136,10,36,101,43.4,528.8,,,0,5.0,80,4,18,17.8,29.7,2.5,135.5,136,2.1,109.1,107,19.9,353.3,29,21.3,mixed,2,19.9,353.3,29,21.3,25.0,102,75.0,4257.2,4409.5,5,0,0,28.8,70.0,12.0,34,21,0,13,5.9,8,,,github-corrective-prs,,0,4,unavailable (no GitHub issues — needs Jira),2026-09-04T13:24:57Z
2026-03,2026-03-01,2026-04-01,product,cpci,Common Platform Civil Interface (CPCI),1,0,0,0,0,,,,,0,,0,0,0,,,,,0,,,0,,,0,,team-branch,0,,,0,,,0,,,,0,0,0,,,23.1,1,0,0,1,,0,,,github-corrective-prs,,0,0,unavailable (no GitHub issues — needs Jira),2026-09-04T13:24:57Z
2026-03,2026-03-01,2026-04-01,product,cppi,Common Platform Prosecutor Interface (CPPI),1,0,0,0,0,,,,,0,,0,0,0,,,,,0,,,0,,,0,,team-branch,0,,,0,,,0,,,,0,0,0,,,23.1,1,0,0,1,,0,,,github-corrective-prs,,0,0,unavailable (no GitHub issues — needs Jira),2026-09-04T13:24:57Z
2026-03,2026-03-01,2026-04-01,product,cp-user-interface,Common Platform User Interface,1,0,0,0,0,,,,,0,,0,0,0,,,,,0,,,0,,,0,,team-branch,0,,,0,,,0,,,,0,0,0,,,,0,0,0,0,,0,,,github-corrective-prs,,0,0,unavailable (no GitHub issues — needs Jira),2026-09-04T13:24:57Z
2026-03,2026-03-01,2026-04-01,product,document-generation-system,Document Generation System,1,33,0,4,27,27.2,366.3,,,0,3.8,26,1,7,25.9,7.4,18.7,251.8,33,15.8,218.1,30,243.3,694.5,3,9.1,team-branch,0,243.3,694.5,3,9.1,12.1,29,87.9,4225.7,4531.9,1,0,0,17.4,17.4,23.1,3,1,0,2,0.0,0,,,github-corrective-prs,,0,1,unavailable (no GitHub issues — needs Jira),2026-09-04T13:24:57Z
2026-03,2026-03-01,2026-04-01,product,document-ingestion-system,Document Ingestion System,3,2,0,0,2,72.3,120.7,,,0,0.0,2,0,1,50.0,0.0,2.7,3.1,2,2.7,3.1,2,,,0,0.0,team-branch,0,,,0,0.0,0.0,2,100.0,4065.3,4159.3,0,0,0,41.2,41.2,23.1,2,1,0,1,0.0,0,,,github-corrective-prs,,0,0,unavailable (no GitHub issues — needs Jira),2026-09-04T13:24:57Z
2026-03,2026-03-01,2026-04-01,product,file-service-system,File Service,1,0,0,0,0,,,,,0,,0,0,0,,,,,0,,,0,,,0,,unclassified,0,,,0,,,0,,,,0,0,0,,,,0,0,0,0,,0,,,github-corrective-prs,,0,0,unavailable (no GitHub issues — needs Jira),2026-09-04T13:24:57Z
2026-03,2026-03-01,2026-04-01,product,hearing-system,Hearing System,5,15,1,9,12,17.3,581.0,,,0,0.0,11,0,8,66.7,25.0,0.7,3.1,15,0.7,1.4,14,3.3,3.3,1,6.7,team-branch,0,3.3,3.3,1,6.7,6.7,14,93.3,4179.6,4391.7,0,0,0,37.3,65.7,12.2,8,5,0,3,0.0,0,,,github-corrective-prs,,0,0,unavailable (no GitHub issues — needs Jira),2026-09-04T13:24:57Z
2026-03,2026-03-01,2026-04-01,product,id-mapper-system,Id Mapper System,1,2,0,0,2,1906.1,2869.0,,,0,0.0,1,0,1,50.0,50.0,1641.2,2789.5,2,0.6,0.6,1,3281.7,3281.7,1,50.0,team-branch,0,3281.7,3281.7,1,50.0,50.0,1,50.0,4296.4,4296.4,0,0,0,151.1,154.6,21.2,4,2,0,2,0.0,0,,,github-corrective-prs,,0,0,unavailable (no GitHub issues — needs Jira),2026-09-04T13:24:57Z
2026-03,2026-03-01,2026-04-01,product,legacy-case-migration-system,Legacy Case Migration System,2,0,0,0,0,,,,,0,,0,0,0,,,,,0,,,0,,,0,,team-branch,0,,,0,,,0,,,,0,0,0,,,,0,0,0,0,,0,,,github-corrective-prs,,0,0,unavailable (no GitHub issues — needs Jira),2026-09-04T13:24:57Z
2026-03,2026-03-01,2026-04-01,product,management-information-system,Management Information System,3,20,0,3,9,333.4,664.9,,,0,0.0,7,0,4,44.4,0.0,2.8,48.4,20,4.1,53.5,18,0.8,0.9,2,10.0,team-branch,0,0.8,0.9,2,10.0,10.0,18,90.0,3934.9,4450.9,0,0,0,,,16.6,2,0,0,2,0.0,0,,,github-corrective-prs,,0,0,unavailable (no GitHub issues — needs Jira),2026-09-04T13:24:57Z
2026-03,2026-03-01,2026-04-01,product,notify-system,Notify System,1,2,0,0,2,70.9,120.2,,,0,0.0,2,0,1,50.0,0.0,1.7,2.7,2,1.7,2.7,2,,,0,0.0,team-branch,0,,,0,0.0,0.0,2,100.0,3980.7,4014.6,0,0,0,34.8,42.8,23.1,3,2,0,1,0.0,0,,,github-corrective-prs,,0,0,unavailable (no GitHub issues — needs Jira),2026-09-04T13:24:57Z
2026-03,2026-03-01,2026-04-01,product,reference-data-system,Reference Data System,4,7,0,8,7,17.3,4517.3,,,0,0.0,1,0,3,42.9,57.1,17.3,4517.3,7,5809.9,5809.9,1,10.2,3759.0,6,85.7,mixed,1,10.2,3759.0,6,85.7,85.7,1,14.3,9844.4,9844.4,0,0,0,136.2,179.0,12.3,7,4,0,3,0.0,0,,,github-corrective-prs,,0,0,unavailable (no GitHub issues — needs Jira),2026-09-04T13:24:57Z
2026-03,2026-03-01,2026-04-01,product,results-distribution-system,Results Distribution System,7,37,0,22,34,18.3,532.0,,,0,3.3,30,1,9,26.5,20.6,2.9,111.9,37,3.1,92.3,32,2.9,2719.0,5,13.5,team-branch,0,2.9,2719.0,5,13.5,18.9,30,81.1,4057.4,4372.3,2,0,0,44.2,196.7,22.2,10,3,0,7,0.0,0,,,github-corrective-prs,,0,3,unavailable (no GitHub issues — needs Jira),2026-09-04T13:24:57Z
2026-03,2026-03-01,2026-04-01,product,scheduling-system,Scheduling System,1,0,0,0,0,,,,,0,,0,0,0,,,,,0,,,0,,,0,,team-branch,0,,,0,,,0,,,,0,0,0,,,,0,0,0,0,,0,,,github-corrective-prs,,0,0,unavailable (no GitHub issues — needs Jira),2026-09-04T13:24:57Z
2026-03,2026-03-01,2026-04-01,product,scheduling-and-listing-system,Scheduling and Listing System,7,28,5,2,27,19.5,138.0,,,0,0.0,23,0,3,11.1,14.8,11.4,114.8,28,17.6,237.2,24,3.0,11.0,4,14.3,mixed,1,3.0,11.0,4,14.3,14.3,24,85.7,4416.1,4557.1,0,0,0,8.6,8.8,4.3,2,2,0,0,0.0,0,,,github-corrective-prs,,0,7,unavailable (no GitHub issues — needs Jira),2026-09-04T13:24:57Z
2026-03,2026-03-01,2026-04-01,product,spi,Standard Prosecutor Interface (SPI),1,8,0,1,4,199.7,1051.3,,,0,25.0,4,1,3,75.0,0.0,0.4,1.3,8,0.4,1.3,8,,,0,0.0,team-branch,0,,,0,0.0,25.0,6,75.0,4179.6,4387.9,2,0,0,,,23.1,1,0,0,1,0.0,0,,,github-corrective-prs,,0,0,unavailable (no GitHub issues — needs Jira),2026-09-04T13:24:57Z
2026-03,2026-03-01,2026-04-01,product,support-system,Support System,1,1,0,0,1,141.4,141.4,,,0,0.0,1,0,1,100.0,0.0,2.2,2.2,1,2.2,2.2,1,,,0,0.0,team-branch,0,,,0,0.0,0.0,1,100.0,3931.3,3931.3,0,0,0,,,34.6,2,0,0,2,0.0,0,,,github-corrective-prs,,0,0,unavailable (no GitHub issues — needs Jira),2026-09-04T13:24:57Z
2026-03,2026-03-01,2026-04-01,product,ssystem-announcement-system,System Announcement System,1,0,0,0,0,,,,,0,,0,0,0,,,,,0,,,0,,,0,,team-branch,0,,,0,,,0,,,,0,0,0,,,34.6,2,0,0,2,,0,,,github-corrective-prs,,0,0,unavailable (no GitHub issues — needs Jira),2026-09-04T13:24:57Z
2026-03,2026-03-01,2026-04-01,product,ui-notification-system,UI Notification System,1,3,0,3,3,141.4,514.9,,,0,0.0,2,0,2,66.7,0.0,42.0,44.8,3,22.1,36.0,2,46.0,46.0,1,33.3,team-branch,0,46.0,46.0,1,33.3,33.3,2,66.7,3942.9,3950.9,0,0,0,52.6,80.9,13.1,3,2,0,1,0.0,0,,,github-corrective-prs,,0,0,unavailable (no GitHub issues — needs Jira),2026-09-04T13:24:57Z
2026-03,2026-03-01,2026-04-01,product,users-and-groups-system,Users and Groups System,4,8,0,1,6,586.5,2096.6,,,0,0.0,5,0,4,66.7,16.7,1.8,481.4,8,1.1,89.5,7,3285.1,3285.1,1,12.5,team-branch,0,3285.1,3285.1,1,12.5,12.5,7,87.5,4173.2,4428.0,0,0,0,151.2,154.7,22.2,5,2,0,3,0.0,0,,,github-corrective-prs,,0,0,unavailable (no GitHub issues — needs Jira),2026-09-04T13:24:57Z
2026-03,2026-03-01,2026-04-01,product,work-management-system,Work Management System,3,2,0,3,2,2187.1,3717.7,,,0,,0,0,1,50.0,0.0,15.3,25.8,2,,,0,15.3,25.8,2,100.0,team-branch,0,15.3,25.8,2,100.0,100.0,0,0.0,,,0,0,0,73.8,135.4,13.1,9,4,0,5,0.0,0,,,github-corrective-prs,,0,0,unavailable (no GitHub issues — needs Jira),2026-09-04T13:24:57Z
2026-03,2026-03-01,2026-04-01,repo,cp-ai-rag-service,cp-ai-rag-service,1,14,0,0,12,8.2,175.5,,,0,,0,0,0,0.0,58.3,8.2,101.9,14,,,0,8.2,101.9,14,100.0,trunk-based,1,8.2,101.9,14,100.0,100.0,0,0.0,,,0,0,0,,,,0,0,0,0,14.3,2,,,github-corrective-prs,,0,0,unavailable (no GitHub issues — needs Jira),2026-09-04T13:24:58Z
2026-03,2026-03-01,2026-04-01,repo,cp-audit-reports-service-v2,cp-audit-reports-service-v2,1,8,0,0,7,2.3,234.6,,,0,,0,0,0,0.0,57.1,1.7,213.6,8,,,0,1.7,213.6,8,100.0,trunk-based,1,1.7,213.6,8,100.0,100.0,0,0.0,,,0,0,0,,,,0,0,0,0,0.0,0,,,github-corrective-prs,,0,3,unavailable (no GitHub issues — needs Jira),2026-09-04T13:24:58Z
2026-03,2026-03-01,2026-04-01,repo,cp-case-document-knowledge-service,cp-case-document-knowledge-service,1,4,0,0,4,11.7,169.3,,,0,,0,0,0,0.0,50.0,11.7,169.3,4,,,0,11.7,169.3,4,100.0,team-branch,0,11.7,169.3,4,100.0,100.0,0,0.0,,,0,0,0,,,,0,0,0,0,0.0,0,,,github-corrective-prs,,0,0,unavailable (no GitHub issues — needs Jira),2026-09-04T13:24:58Z
2026-03,2026-03-01,2026-04-01,repo,cp-court-list-publishing-service,cp-court-list-publishing-service,1,25,5,2,24,26.2,237.2,,,0,0.0,23,0,2,8.3,8.3,16.0,204.1,25,17.6,237.2,24,3.6,3.6,1,4.0,team-branch,0,3.6,3.6,1,4.0,4.0,24,96.0,4416.1,4557.1,0,0,0,8.6,8.8,4.3,2,2,0,0,0.0,0,,,github-corrective-prs,,0,7,unavailable (no GitHub issues — needs Jira),2026-09-04T13:24:58Z
2026-03,2026-03-01,2026-04-01,repo,cp-file-service,cp-file-service,1,0,0,0,0,,,,,0,,0,0,0,,,,,0,,,0,,,0,,unclassified,0,,,0,,,0,,,,0,0,0,,,,0,0,0,0,,0,,,github-corrective-prs,,0,0,unavailable (no GitHub issues — needs Jira),2026-09-04T13:24:58Z
2026-03,2026-03-01,2026-04-01,repo,cpp-context-applications-courtorders,cpp-context-applications-courtorders,1,0,0,0,0,,,,,0,,0,0,0,,,,,0,,,0,,,0,,team-branch,0,,,0,,,0,,,,0,0,0,,,23.1,1,0,0,1,,0,,,github-corrective-prs,,0,0,unavailable (no GitHub issues — needs Jira),2026-09-04T13:24:58Z
2026-03,2026-03-01,2026-04-01,repo,cpp-context-archiving,cpp-context-archiving,1,0,0,0,0,,,,,0,,0,0,0,,,,,0,,,0,,,0,,team-branch,0,,,0,,,0,,,,0,0,0,,,23.1,1,0,0,1,,0,,,github-corrective-prs,,0,0,unavailable (no GitHub issues — needs Jira),2026-09-04T13:24:58Z
2026-03,2026-03-01,2026-04-01,repo,cpp-context-audit2dls,cpp-context-audit2dls,1,0,0,0,0,,,,,0,,0,0,0,,,,,0,,,0,,,0,,team-branch,0,,,0,,,0,,,,0,0,0,,,,0,0,0,0,,0,,,github-corrective-prs,,0,0,unavailable (no GitHub issues — needs Jira),2026-09-04T13:24:58Z
2026-03,2026-03-01,2026-04-01,repo,cpp-context-azure-legalaidagency,cpp-context-azure-legalaidagency,1,8,0,6,8,12.9,458.7,,,0,0.0,7,0,3,37.5,37.5,2.4,23.5,8,1.9,114.1,7,2.9,2.9,1,12.5,team-branch,0,2.9,2.9,1,12.5,12.5,7,87.5,3888.7,4162.5,0,0,0,,,13.1,3,0,0,3,0.0,0,,,github-corrective-prs,,0,0,unavailable (no GitHub issues — needs Jira),2026-09-04T13:24:58Z
2026-03,2026-03-01,2026-04-01,repo,cpp-context-boxworkmanagement,cpp-context-boxworkmanagement,1,0,0,0,0,,,,,0,,0,0,0,,,,,0,,,0,,,0,,team-branch,0,,,0,,,0,,,,0,0,0,,,,0,0,0,0,,0,,,github-corrective-prs,,0,0,unavailable (no GitHub issues — needs Jira),2026-09-04T13:24:58Z
2026-03,2026-03-01,2026-04-01,repo,cpp-context-businessprocesses,cpp-context-businessprocesses,1,2,0,2,2,2187.1,3717.7,,,0,,0,0,1,50.0,0.0,15.3,25.8,2,,,0,15.3,25.8,2,100.0,team-branch,0,15.3,25.8,2,100.0,100.0,0,0.0,,,0,0,0,13.3,98.0,13.1,7,3,0,4,0.0,0,,,github-corrective-prs,,0,0,unavailable (no GitHub issues — needs Jira),2026-09-04T13:24:58Z
2026-03,2026-03-01,2026-04-01,repo,cpp-context-correspondence,cpp-context-correspondence,1,0,0,0,0,,,,,0,,0,0,0,,,,,0,,,0,,,0,,team-branch,0,,,0,,,0,,,,0,0,0,,,23.1,1,0,0,1,,0,,,github-corrective-prs,,0,0,unavailable (no GitHub issues — needs Jira),2026-09-04T13:24:58Z
2026-03,2026-03-01,2026-04-01,repo,cpp-context-defence,cpp-context-defence,1,5,0,2,4,33.5,107.5,,,0,0.0,4,0,1,25.0,25.0,1.0,20.0,5,1.0,20.0,5,,,0,0.0,team-branch,0,,,0,0.0,0.0,5,100.0,4394.2,4493.1,0,0,0,,,23.1,1,0,0,1,0.0,0,,,github-corrective-prs,,0,0,unavailable (no GitHub issues — needs Jira),2026-09-04T13:24:58Z
2026-03,2026-03-01,2026-04-01,repo,cpp-context-hearing,cpp-context-hearing,1,15,1,8,12,17.3,581.0,,,0,0.0,11,0,8,66.7,25.0,0.7,3.1,15,0.7,1.4,14,3.3,3.3,1,6.7,team-branch,0,3.3,3.3,1,6.7,6.7,14,93.3,4179.6,4391.7,0,0,0,15.0,62.7,14.3,5,3,0,2,0.0,0,,,github-corrective-prs,,0,0,unavailable (no GitHub issues — needs Jira),2026-09-04T13:24:58Z
2026-03,2026-03-01,2026-04-01,repo,cpp-context-hearing-nows,cpp-context-hearing-nows,1,1,0,3,1,561.8,561.8,,,0,0.0,1,0,0,0.0,0.0,561.8,561.8,1,561.8,561.8,1,,,0,0.0,team-branch,0,,,0,0.0,0.0,1,100.0,4429.4,4429.4,0,0,0,44.2,44.2,22.1,1,1,0,0,0.0,0,,,github-corrective-prs,,0,1,unavailable (no GitHub issues — needs Jira),2026-09-04T13:24:58Z
2026-03,2026-03-01,2026-04-01,repo,cpp-context-idam-events-consumer,cpp-context-idam-events-consumer,1,0,0,0,0,,,,,0,,0,0,0,,,,,0,,,0,,,0,,unclassified,0,,,0,,,0,,,,0,0,0,,,,0,0,0,0,,0,,,github-corrective-prs,,0,0,unavailable (no GitHub issues — needs Jira),2026-09-04T13:24:58Z
2026-03,2026-03-01,2026-04-01,repo,cpp-context-listing,cpp-context-listing,1,0,0,0,0,,,,,0,,0,0,0,,,,,0,,,0,,,0,,team-branch,0,,,0,,,0,,,,0,0,0,,,,0,0,0,0,,0,,,github-corrective-prs,,0,0,unavailable (no GitHub issues — needs Jira),2026-09-04T13:24:58Z
2026-03,2026-03-01,2026-04-01,repo,cpp-context-listing-courtscheduler,cpp-context-listing-courtscheduler,1,0,0,0,0,,,,,0,,0,0,0,,,,,0,,,0,,,0,,team-branch,0,,,0,,,0,,,,0,0,0,,,,0,0,0,0,,0,,,github-corrective-prs,,0,0,unavailable (no GitHub issues — needs Jira),2026-09-04T13:24:58Z
2026-03,2026-03-01,2026-04-01,repo,cpp-context-material,cpp-context-material,1,1,0,0,1,141.4,141.4,,,0,0.0,1,0,1,100.0,0.0,2.1,2.1,1,2.1,2.1,1,,,0,0.0,team-branch,0,,,0,0.0,0.0,1,100.0,3931.0,3931.0,0,0,0,,,23.1,1,0,0,1,0.0,0,,,github-corrective-prs,,0,0,unavailable (no GitHub issues — needs Jira),2026-09-04T13:24:58Z
2026-03,2026-03-01,2026-04-01,repo,cpp-context-material-id-mapper,cpp-context-material-id-mapper,1,0,0,0,0,,,,,0,,0,0,0,,,,,0,,,0,,,0,,unclassified,0,,,0,,,0,,,,0,0,0,,,,0,0,0,0,,0,,,github-corrective-prs,,0,0,unavailable (no GitHub issues — needs Jira),2026-09-04T13:24:58Z
2026-03,2026-03-01,2026-04-01,repo,cpp-context-mi-reportdata,cpp-context-mi-reportdata,1,18,0,3,7,400.8,720.2,,,0,0.0,6,0,3,42.9,0.0,4.1,53.5,18,4.4,56.1,17,0.6,0.6,1,5.6,team-branch,0,0.6,0.6,1,5.6,5.6,17,94.4,3906.9,4453.4,0,0,0,,,23.1,1,0,0,1,0.0,0,,,github-corrective-prs,,0,0,unavailable (no GitHub issues — needs Jira),2026-09-04T13:24:58Z
2026-03,2026-03-01,2026-04-01,repo,cpp-context-mi-systemdata,cpp-context-mi-systemdata,1,0,0,0,0,,,,,0,,0,0,0,,,,,0,,,0,,,0,,team-branch,0,,,0,,,0,,,,0,0,0,,,,0,0,0,0,,0,,,github-corrective-prs,,0,0,unavailable (no GitHub issues — needs Jira),2026-09-04T13:24:58Z
2026-03,2026-03-01,2026-04-01,repo,cpp-context-notification,cpp-context-notification,1,3,0,3,3,141.4,514.9,,,0,0.0,2,0,2,66.7,0.0,42.0,44.8,3,22.1,36.0,2,46.0,46.0,1,33.3,team-branch,0,46.0,46.0,1,33.3,33.3,2,66.7,3942.9,3950.9,0,0,0,52.6,80.9,13.1,3,2,0,1,0.0,0,,,github-corrective-prs,,0,0,unavailable (no GitHub issues — needs Jira),2026-09-04T13:24:58Z
2026-03,2026-03-01,2026-04-01,repo,cpp-context-notification-notify,cpp-context-notification-notify,1,2,0,0,2,70.9,120.2,,,0,0.0,2,0,1,50.0,0.0,1.7,2.7,2,1.7,2.7,2,,,0,0.0,team-branch,0,,,0,0.0,0.0,2,100.0,3980.7,4014.6,0,0,0,34.8,42.8,23.1,3,2,0,1,0.0,0,,,github-corrective-prs,,0,0,unavailable (no GitHub issues — needs Jira),2026-09-04T13:24:58Z
2026-03,2026-03-01,2026-04-01,repo,cpp-context-progression,cpp-context-progression,1,78,4,20,63,32.2,529.9,,,0,1.9,52,1,12,19.0,36.5,2.4,142.8,78,2.0,74.9,66,37.3,629.1,12,15.4,team-branch,0,37.3,629.1,12,15.4,16.7,65,83.3,4268.9,4394.2,1,0,0,28.8,60.0,9.1,13,11,0,2,5.1,4,,,github-corrective-prs,,0,2,unavailable (no GitHub issues — needs Jira),2026-09-04T13:24:58Z
2026-03,2026-03-01,2026-04-01,repo,cpp-context-prosecution-casefile,cpp-context-prosecution-casefile,1,18,0,3,12,207.8,604.8,,,0,0.0,11,0,8,66.7,8.3,1.1,129.1,18,1.2,131.2,15,1.0,82.6,3,16.7,team-branch,0,1.0,82.6,3,16.7,16.7,15,83.3,4227.2,4457.8,0,0,0,15.0,15.0,16.6,2,1,0,1,0.0,0,,,github-corrective-prs,,0,0,unavailable (no GitHub issues — needs Jira),2026-09-04T13:24:58Z
2026-03,2026-03-01,2026-04-01,repo,cpp-context-prosecution-casefile-dlrm,cpp-context-prosecution-casefile-dlrm,1,0,0,0,0,,,,,0,,0,0,0,,,,,0,,,0,,,0,,team-branch,0,,,0,,,0,,,,0,0,0,,,,0,0,0,0,,0,,,github-corrective-prs,,0,0,unavailable (no GitHub issues — needs Jira),2026-09-04T13:24:58Z
2026-03,2026-03-01,2026-04-01,repo,cpp-context-prosecution-documentqueue,cpp-context-prosecution-documentqueue,1,2,0,0,2,72.3,120.7,,,0,0.0,2,0,1,50.0,0.0,2.7,3.1,2,2.7,3.1,2,,,0,0.0,team-branch,0,,,0,0.0,0.0,2,100.0,4065.3,4159.3,0,0,0,41.2,41.2,23.1,1,1,0,0,0.0,0,,,github-corrective-prs,,0,0,unavailable (no GitHub issues — needs Jira),2026-09-04T13:24:58Z
2026-03,2026-03-01,2026-04-01,repo,cpp-context-reference-data,cpp-context-reference-data,1,4,0,8,4,3963.9,5163.6,,,0,0.0,1,0,2,50.0,50.0,3963.9,5163.6,4,5809.9,5809.9,1,3554.1,4127.8,3,75.0,team-branch,0,3554.1,4127.8,3,75.0,75.0,1,25.0,9844.4,9844.4,0,0,0,136.2,179.0,12.2,6,4,0,2,0.0,0,,,github-corrective-prs,,0,0,unavailable (no GitHub issues — needs Jira),2026-09-04T13:24:58Z
2026-03,2026-03-01,2026-04-01,repo,cpp-context-referencedata-offences,cpp-context-referencedata-offences,1,0,0,0,0,,,,,0,,0,0,0,,,,,0,,,0,,,0,,team-branch,0,,,0,,,0,,,,0,0,0,,,23.1,1,0,0,1,,0,,,github-corrective-prs,,0,0,unavailable (no GitHub issues — needs Jira),2026-09-04T13:24:58Z
2026-03,2026-03-01,2026-04-01,repo,cpp-context-resulting,cpp-context-resulting,1,0,0,0,0,,,,,0,,0,0,0,,,,,0,,,0,,,0,,team-branch,0,,,0,,,0,,,,0,0,0,37.3,37.3,16.0,2,1,0,1,,0,,,github-corrective-prs,,0,0,unavailable (no GitHub issues — needs Jira),2026-09-04T13:24:58Z
2026-03,2026-03-01,2026-04-01,repo,cpp-context-results,cpp-context-results,1,12,0,9,13,19.3,166.5,,,0,0.0,12,0,5,38.5,15.4,10.5,50.1,12,17.2,53.5,11,3.2,3.2,1,8.3,team-branch,0,3.2,3.2,1,8.3,16.7,10,83.3,4006.4,4264.8,1,0,0,23.3,23.3,10.1,3,1,0,2,0.0,0,,,github-corrective-prs,,0,1,unavailable (no GitHub issues — needs Jira),2026-09-04T13:24:58Z
2026-03,2026-03-01,2026-04-01,repo,cpp-context-sjp,cpp-context-sjp,1,8,0,0,5,141.4,613.8,,,0,0.0,4,0,3,60.0,0.0,22.4,387.3,8,22.4,180.6,6,203.0,344.7,2,25.0,team-branch,0,203.0,344.7,2,25.0,25.0,6,75.0,3897.1,4275.9,0,0,0,26.1,28.3,12.3,5,2,0,3,0.0,0,,,github-corrective-prs,,0,1,unavailable (no GitHub issues — needs Jira),2026-09-04T13:24:58Z
2026-03,2026-03-01,2026-04-01,repo,cpp-context-staging,cpp-context-staging,1,1,0,0,1,141.4,141.4,,,0,0.0,1,0,1,100.0,0.0,2.4,2.4,1,2.4,2.4,1,,,0,0.0,team-branch,0,,,0,0.0,0.0,1,100.0,3931.6,3931.6,0,0,0,,,34.6,2,0,0,2,0.0,0,,,github-corrective-prs,,0,0,unavailable (no GitHub issues — needs Jira),2026-09-04T13:24:58Z
2026-03,2026-03-01,2026-04-01,repo,cpp-context-staging-bulkscan,cpp-context-staging-bulkscan,1,0,0,0,0,,,,,0,,0,0,0,,,,,0,,,0,,,0,,team-branch,0,,,0,,,0,,,,0,0,0,,,23.1,1,0,0,1,,0,,,github-corrective-prs,,0,0,unavailable (no GitHub issues — needs Jira),2026-09-04T13:24:58Z
2026-03,2026-03-01,2026-04-01,repo,cpp-context-staging-darts,cpp-context-staging-darts,1,0,0,0,0,,,,,0,,0,0,0,,,,,0,,,0,,,0,,team-branch,0,,,0,,,0,,,,0,0,0,,,,0,0,0,0,,0,,,github-corrective-prs,,0,0,unavailable (no GitHub issues — needs Jira),2026-09-04T13:24:58Z
2026-03,2026-03-01,2026-04-01,repo,cpp-context-staging-dcs,cpp-context-staging-dcs,1,0,0,0,0,,,,,0,,0,0,0,,,,,0,,,0,,,0,,team-branch,0,,,0,,,0,,,,0,0,0,42.1,42.1,22.6,2,1,0,1,,0,,,github-corrective-prs,,0,0,unavailable (no GitHub issues — needs Jira),2026-09-04T13:24:58Z
2026-03,2026-03-01,2026-04-01,repo,cpp-context-staging-dvla,cpp-context-staging-dvla,1,11,0,2,9,2.8,162.0,,,0,0.0,9,0,2,22.2,0.0,2.2,10.0,11,2.2,10.0,11,,,0,0.0,team-branch,0,,,0,0.0,0.0,11,100.0,4198.0,4282.2,0,0,0,,,23.1,1,0,0,1,0.0,0,,,github-corrective-prs,,0,0,unavailable (no GitHub issues — needs Jira),2026-09-04T13:24:58Z
2026-03,2026-03-01,2026-04-01,repo,cpp-context-staging-enforcement,cpp-context-staging-enforcement,1,5,0,2,6,273.0,2131.6,,,0,33.3,3,1,2,33.3,33.3,15.6,3063.8,5,296.8,493.6,2,0.4,4755.0,3,60.0,team-branch,0,0.4,4755.0,3,60.0,80.0,1,20.0,4942.3,4942.3,1,0,0,262.0,262.0,23.1,1,1,0,0,0.0,0,,,github-corrective-prs,,0,1,unavailable (no GitHub issues — needs Jira),2026-09-04T13:24:58Z
2026-03,2026-03-01,2026-04-01,repo,cpp-context-staging-pnld-offences,cpp-context-staging-pnld-offences,1,0,0,0,0,,,,,0,,0,0,0,,,,,0,,,0,,,0,,unclassified,0,,,0,,,0,,,,0,0,0,,,,0,0,0,0,,0,,,github-corrective-prs,,0,0,unavailable (no GitHub issues — needs Jira),2026-09-04T13:24:58Z
2026-03,2026-03-01,2026-04-01,repo,cpp-context-staging-prosecutors,cpp-context-staging-prosecutors,1,0,0,0,0,,,,,0,,0,0,0,,,,,0,,,0,,,0,,team-branch,0,,,0,,,0,,,,0,0,0,,,23.1,1,0,0,1,,0,,,github-corrective-prs,,0,0,unavailable (no GitHub issues — needs Jira),2026-09-04T13:24:58Z
2026-03,2026-03-01,2026-04-01,repo,cpp-context-staging-prosecutors-civil,cpp-context-staging-prosecutors-civil,1,0,0,0,0,,,,,0,,0,0,0,,,,,0,,,0,,,0,,team-branch,0,,,0,,,0,,,,0,0,0,,,23.1,1,0,0,1,,0,,,github-corrective-prs,,0,0,unavailable (no GitHub issues — needs Jira),2026-09-04T13:24:58Z
2026-03,2026-03-01,2026-04-01,repo,cpp-context-staging-prosecutors-spi,cpp-context-staging-prosecutors-spi,1,8,0,1,4,199.7,1051.3,,,0,25.0,4,1,3,75.0,0.0,0.4,1.3,8,0.4,1.3,8,,,0,0.0,team-branch,0,,,0,0.0,25.0,6,75.0,4179.6,4387.9,2,0,0,,,23.1,1,0,0,1,0.0,0,,,github-corrective-prs,,0,0,unavailable (no GitHub issues — needs Jira),2026-09-04T13:24:58Z
2026-03,2026-03-01,2026-04-01,repo,cpp-context-staging-pubhub,cpp-context-staging-pubhub,1,0,0,0,0,,,,,0,,0,0,0,,,,,0,,,0,,,0,,unclassified,0,,,0,,,0,,,,0,0,0,,,,0,0,0,0,,0,,,github-corrective-prs,,0,0,unavailable (no GitHub issues — needs Jira),2026-09-04T13:24:58Z
2026-03,2026-03-01,2026-04-01,repo,cpp-context-stagingdlrm,cpp-context-stagingdlrm,1,0,0,0,0,,,,,0,,0,0,0,,,,,0,,,0,,,0,,team-branch,0,,,0,,,0,,,,0,0,0,,,,0,0,0,0,,0,,,github-corrective-prs,,0,0,unavailable (no GitHub issues — needs Jira),2026-09-04T13:24:58Z
2026-03,2026-03-01,2026-04-01,repo,cpp-context-subscriptions,cpp-context-subscriptions,1,0,0,0,0,,,,,0,,0,0,0,,,,,0,,,0,,,0,,team-branch,0,,,0,,,0,,,,0,0,0,,,23.1,1,0,0,1,,0,,,github-corrective-prs,,0,0,unavailable (no GitHub issues — needs Jira),2026-09-04T13:24:58Z
2026-03,2026-03-01,2026-04-01,repo,cpp-context-support,cpp-context-support,1,1,0,0,1,141.4,141.4,,,0,0.0,1,0,1,100.0,0.0,2.2,2.2,1,2.2,2.2,1,,,0,0.0,team-branch,0,,,0,0.0,0.0,1,100.0,3931.3,3931.3,0,0,0,,,34.6,2,0,0,2,0.0,0,,,github-corrective-prs,,0,0,unavailable (no GitHub issues — needs Jira),2026-09-04T13:24:58Z
2026-03,2026-03-01,2026-04-01,repo,cpp-context-system-announcement,cpp-context-system-announcement,1,0,0,0,0,,,,,0,,0,0,0,,,,,0,,,0,,,0,,team-branch,0,,,0,,,0,,,,0,0,0,,,34.6,2,0,0,2,,0,,,github-corrective-prs,,0,0,unavailable (no GitHub issues — needs Jira),2026-09-04T13:24:58Z
2026-03,2026-03-01,2026-04-01,repo,cpp-context-system-doc-generator,cpp-context-system-doc-generator,1,33,0,4,27,27.2,366.3,,,0,3.8,26,1,7,25.9,7.4,18.7,251.8,33,15.8,218.1,30,243.3,694.5,3,9.1,team-branch,0,243.3,694.5,3,9.1,12.1,29,87.9,4225.7,4531.9,1,0,0,17.4,17.4,23.1,3,1,0,2,0.0,0,,,github-corrective-prs,,0,1,unavailable (no GitHub issues — needs Jira),2026-09-04T13:24:58Z
2026-03,2026-03-01,2026-04-01,repo,cpp-context-system-id-mapper,cpp-context-system-id-mapper,1,2,0,0,2,1906.1,2869.0,,,0,0.0,1,0,1,50.0,50.0,1641.2,2789.5,2,0.6,0.6,1,3281.7,3281.7,1,50.0,team-branch,0,3281.7,3281.7,1,50.0,50.0,1,50.0,4296.4,4296.4,0,0,0,151.1,154.6,21.2,4,2,0,2,0.0,0,,,github-corrective-prs,,0,0,unavailable (no GitHub issues — needs Jira),2026-09-04T13:24:58Z
2026-03,2026-03-01,2026-04-01,repo,cpp-context-system-scheduling,cpp-context-system-scheduling,1,0,0,0,0,,,,,0,,0,0,0,,,,,0,,,0,,,0,,team-branch,0,,,0,,,0,,,,0,0,0,,,,0,0,0,0,,0,,,github-corrective-prs,,0,0,unavailable (no GitHub issues — needs Jira),2026-09-04T13:24:58Z
2026-03,2026-03-01,2026-04-01,repo,cpp-context-unifiedsearch-query,cpp-context-unifiedsearch-query,1,0,0,0,0,,,,,0,,0,0,0,,,,,0,,,0,,,0,,team-branch,0,,,0,,,0,,,,0,0,0,,,22.1,1,0,0,1,,0,,,github-corrective-prs,,0,0,unavailable (no GitHub issues — needs Jira),2026-09-04T13:24:58Z
2026-03,2026-03-01,2026-04-01,repo,cpp-context-users-groups,cpp-context-users-groups,1,7,0,1,6,586.5,2096.6,,,0,0.0,5,0,4,66.7,16.7,1.1,782.5,7,0.7,158.6,6,3285.1,3285.1,1,14.3,team-branch,0,3285.1,3285.1,1,14.3,14.3,6,85.7,4200.9,4485.9,0,0,0,151.2,154.7,19.3,3,2,0,1,0.0,0,,,github-corrective-prs,,0,0,unavailable (no GitHub issues — needs Jira),2026-09-04T13:24:58Z
2026-03,2026-03-01,2026-04-01,repo,cpp-context-work-management-proxy,cpp-context-work-management-proxy,1,0,0,0,0,,,,,0,,0,0,0,,,,,0,,,0,,,0,,team-branch,0,,,0,,,0,,,,0,0,0,,,23.1,1,0,0,1,,0,,,github-corrective-prs,,0,0,unavailable (no GitHub issues — needs Jira),2026-09-04T13:24:58Z
2026-03,2026-03-01,2026-04-01,repo,cpp-ui-ai-intelligence,cpp-ui-ai-intelligence,1,0,0,1,0,,,,,0,,0,0,0,,,,,0,,,0,,,0,,team-branch,0,,,0,,,0,,,,0,0,0,78.0,78.0,5.3,1,1,0,0,,0,,,github-corrective-prs,,0,0,unavailable (no GitHub issues — needs Jira),2026-09-04T13:24:58Z
2026-03,2026-03-01,2026-04-01,repo,cpp-ui-audit-reports,cpp-ui-audit-reports,1,4,0,0,4,143.4,284.8,,,4,100.0,4,4,0,0.0,50.0,143.4,284.8,4,143.4,284.8,4,,,0,0.0,team-branch,0,1029.1,1188.6,4,100.0,100.0,0,0.0,,,0,0,0,,,,0,0,0,0,0.0,0,,,github-corrective-prs,,0,0,unavailable (no GitHub issues — needs Jira),2026-09-04T13:24:58Z
2026-03,2026-03-01,2026-04-01,repo,cpp-ui-bulkscan,cpp-ui-bulkscan,1,0,0,0,0,,,,,0,,0,0,0,,,,,0,,,0,,,0,,unclassified,0,,,0,,,0,,,,0,0,0,,,,0,0,0,0,,0,,,github-corrective-prs,,0,0,unavailable (no GitHub issues — needs Jira),2026-09-04T13:24:58Z
2026-03,2026-03-01,2026-04-01,repo,cpp-ui-case-management,cpp-ui-case-management,1,1,0,2,1,532.4,532.4,,,0,0.0,1,0,0,0.0,100.0,532.4,532.4,1,532.4,532.4,1,,,0,0.0,team-branch,0,,,0,0.0,0.0,1,100.0,4634.8,4634.8,0,0,0,70.0,102.7,8.9,2,2,0,0,0.0,0,,,github-corrective-prs,,0,0,unavailable (no GitHub issues — needs Jira),2026-09-04T13:24:58Z
2026-03,2026-03-01,2026-04-01,repo,cpp-ui-courtscheduler,cpp-ui-courtscheduler,1,0,0,0,0,,,,,0,,0,0,0,,,,,0,,,0,,,0,,unclassified,0,,,0,,,0,,,,0,0,0,,,,0,0,0,0,,0,,,github-corrective-prs,,0,0,unavailable (no GitHub issues — needs Jira),2026-09-04T13:24:58Z
2026-03,2026-03-01,2026-04-01,repo,cpp-ui-defence,cpp-ui-defence,1,1,0,0,1,222.6,222.6,,,0,,0,0,1,100.0,0.0,74.1,74.1,1,,,0,74.1,74.1,1,100.0,team-branch,0,74.1,74.1,1,100.0,100.0,0,0.0,,,0,0,0,12.4,12.4,9.3,1,1,0,0,0.0,0,,,github-corrective-prs,,0,0,unavailable (no GitHub issues — needs Jira),2026-09-04T13:24:58Z
2026-03,2026-03-01,2026-04-01,repo,cpp-ui-external-services,cpp-ui-external-services,1,0,0,1,0,,,,,0,,0,0,0,,,,,0,,,0,,,0,,unclassified,0,,,0,,,0,,,,0,0,0,54.1,54.1,8.1,1,1,0,0,,0,,,github-corrective-prs,,0,0,unavailable (no GitHub issues — needs Jira),2026-09-04T13:24:58Z
2026-03,2026-03-01,2026-04-01,repo,cpp-ui-hearing,cpp-ui-hearing,1,0,0,0,0,,,,,0,,0,0,0,,,,,0,,,0,,,0,,team-branch,0,,,0,,,0,,,,0,0,0,,,,0,0,0,0,,0,,,github-corrective-prs,,0,0,unavailable (no GitHub issues — needs Jira),2026-09-04T13:24:58Z
2026-03,2026-03-01,2026-04-01,repo,cpp-ui-home,cpp-ui-home,1,0,0,0,0,,,,,0,,0,0,0,,,,,0,,,0,,,0,,team-branch,0,,,0,,,0,,,,0,0,0,,,,0,0,0,0,,0,,,github-corrective-prs,,0,0,unavailable (no GitHub issues — needs Jira),2026-09-04T13:24:58Z
2026-03,2026-03-01,2026-04-01,repo,cpp-ui-listing,cpp-ui-listing,1,0,0,0,0,,,,,0,,0,0,0,,,,,0,,,0,,,0,,team-branch,0,,,0,,,0,,,,0,0,0,,,,0,0,0,0,,0,,,github-corrective-prs,,0,0,unavailable (no GitHub issues — needs Jira),2026-09-04T13:24:58Z
2026-03,2026-03-01,2026-04-01,repo,cpp-ui-managepermissions,cpp-ui-managepermissions,1,0,0,0,0,,,,,0,,0,0,0,,,,,0,,,0,,,0,,unclassified,0,,,0,,,0,,,,0,0,0,,,,0,0,0,0,,0,,,github-corrective-prs,,0,0,unavailable (no GitHub issues — needs Jira),2026-09-04T13:24:58Z
2026-03,2026-03-01,2026-04-01,repo,cpp-ui-opami,cpp-ui-opami,1,2,0,0,2,110.4,187.1,,,0,0.0,1,0,1,50.0,0.0,0.6,0.8,2,0.3,0.3,1,0.9,0.9,1,50.0,team-branch,0,0.9,0.9,1,50.0,50.0,1,50.0,4221.3,4221.3,0,0,0,,,10.1,1,0,0,1,0.0,0,,,github-corrective-prs,,0,0,unavailable (no GitHub issues — needs Jira),2026-09-04T13:24:58Z
2026-03,2026-03-01,2026-04-01,repo,cpp-ui-prosecution-casefile,cpp-ui-prosecution-casefile,1,18,2,8,21,108.2,449.8,,,0,15.8,19,3,2,9.5,9.5,16.3,112.5,18,16.3,115.4,16,37.3,63.0,2,11.1,team-branch,0,37.3,63.0,2,11.1,33.3,12,66.7,4308.1,5565.5,4,0,0,43.8,111.8,9.3,3,3,0,0,22.2,4,,,github-corrective-prs,,0,1,unavailable (no GitHub issues — needs Jira),2026-09-04T13:24:58Z
2026-03,2026-03-01,2026-04-01,repo,cpp-ui-prosecutor,cpp-ui-prosecutor,1,0,0,0,0,,,,,0,,0,0,0,,,,,0,,,0,,,0,,team-branch,0,,,0,,,0,,,,0,0,0,,,,0,0,0,0,,0,,,github-corrective-prs,,0,0,unavailable (no GitHub issues — needs Jira),2026-09-04T13:24:58Z
2026-03,2026-03-01,2026-04-01,repo,cpp-ui-sjp,cpp-ui-sjp,1,3,0,3,4,35.4,152.6,,,0,0.0,2,0,2,50.0,0.0,0.4,0.4,3,0.3,0.4,2,0.4,0.4,1,33.3,team-branch,0,0.4,0.4,1,33.3,33.3,2,66.7,4139.9,4197.0,0,0,0,12.9,12.9,10.7,2,1,0,1,0.0,0,,,github-corrective-prs,,0,0,unavailable (no GitHub issues — needs Jira),2026-09-04T13:24:58Z
2026-03,2026-03-01,2026-04-01,repo,cpp-ui-subscriptions,cpp-ui-subscriptions,1,0,0,0,0,,,,,0,,0,0,0,,,,,0,,,0,,,0,,team-branch,0,,,0,,,0,,,,0,0,0,,,,0,0,0,0,,0,,,github-corrective-prs,,0,0,unavailable (no GitHub issues — needs Jira),2026-09-04T13:24:58Z
2026-03,2026-03-01,2026-04-01,repo,cpp-ui-work-management,cpp-ui-work-management,1,0,0,1,0,,,,,0,,0,0,0,,,,,0,,,0,,,0,,team-branch,0,,,0,,,0,,,,0,0,0,136.3,136.3,8.1,1,1,0,0,,0,,,github-corrective-prs,,0,0,unavailable (no GitHub issues — needs Jira),2026-09-04T13:24:58Z
2026-03,2026-03-01,2026-04-01,repo,service-cp-caseadmin-case-urn-mapper,service-cp-caseadmin-case-urn-mapper,1,3,3,0,3,19.3,23.9,,,0,,0,0,1,33.3,66.7,19.3,23.9,3,,,0,19.3,23.9,3,100.0,trunk-based,1,19.3,23.9,3,100.0,100.0,0,0.0,,,0,0,0,,,,0,0,0,0,0.0,0,,,github-corrective-prs,,0,0,unavailable (no GitHub issues — needs Jira),2026-09-04T13:24:58Z
2026-03,2026-03-01,2026-04-01,repo,service-cp-crime-prosecution-case-details,service-cp-crime-prosecution-case-details,1,6,1,0,3,18.1,254.6,,,0,,0,0,1,33.3,33.3,10.3,32.2,6,,,0,10.3,32.2,6,100.0,trunk-based,1,10.3,32.2,6,100.0,100.0,0,0.0,,,0,0,0,,,,0,0,0,0,0.0,0,,,github-corrective-prs,,0,0,unavailable (no GitHub issues — needs Jira),2026-09-04T13:24:58Z
2026-03,2026-03-01,2026-04-01,repo,service-cp-crime-scheduleandlist-courtschedule,service-cp-crime-scheduleandlist-courtschedule,1,3,0,0,3,2.4,12.6,,,0,,0,0,1,33.3,66.7,2.4,12.6,3,,,0,2.4,12.6,3,100.0,trunk-based,1,2.4,12.6,3,100.0,100.0,0,0.0,,,0,0,0,,,,0,0,0,0,0.0,0,,,github-corrective-prs,,0,0,unavailable (no GitHub issues — needs Jira),2026-09-04T13:24:58Z
2026-03,2026-03-01,2026-04-01,repo,service-cp-refdata-courthearing-courthouses,service-cp-refdata-courthearing-courthouses,1,3,0,0,3,2.4,12.9,,,0,,0,0,1,33.3,66.7,2.4,12.8,3,,,0,2.4,12.8,3,100.0,trunk-based,1,2.4,12.8,3,100.0,100.0,0,0.0,,,0,0,0,,,,0,0,0,0,0.0,0,,,github-corrective-prs,,0,0,unavailable (no GitHub issues — needs Jira),2026-09-04T13:24:58Z
2026-04,2026-04-01,2026-05-01,area,Case Administration,Case Administration,25,125,23,36,82,21.4,355.8,,,4,12.3,57,7,21,25.6,17.1,16.5,74.9,125,11.9,49.1,90,22.3,90.9,35,28.0,mixed,3,30.1,821.4,39,31.2,36.8,79,63.2,3387.9,3652.0,7,0,0,10.5,17.7,8.4,24,15,0,9,3.2,4,,,github-corrective-prs,,0,0,unavailable (no GitHub issues — needs Jira),2026-09-04T13:24:59Z
2026-04,2026-04-01,2026-05-01,area,Case Ingestion,Case Ingestion,6,37,0,4,18,97.8,1635.5,,,0,0.0,16,0,10,55.6,5.6,16.8,41.6,37,18.2,41.0,30,2.0,103.9,7,18.9,team-branch,0,2.0,103.9,7,18.9,18.9,30,81.1,3356.3,3678.5,0,0,0,10.9,27.3,5.2,10,4,0,6,0.0,0,,,github-corrective-prs,,0,2,unavailable (no GitHub issues — needs Jira),2026-09-04T13:24:59Z
2026-04,2026-04-01,2026-05-01,area,Court Hearing,Court Hearing,12,109,4,36,74,22.0,401.4,,,0,1.6,64,1,19,25.7,21.6,2.4,42.8,109,2.6,47.9,89,1.4,19.6,20,18.3,team-branch,0,1.4,19.6,20,18.3,19.3,88,80.7,3406.8,3719.6,1,0,0,10.4,95.3,8.4,29,9,0,20,1.8,2,,,github-corrective-prs,,0,2,unavailable (no GitHub issues — needs Jira),2026-09-04T13:24:59Z
2026-04,2026-04-01,2026-05-01,area,DLRM,DLRM,2,0,0,0,0,,,,,0,,0,0,0,,,,,0,,,0,,,0,,team-branch,0,,,0,,,0,,,,0,0,0,,,,0,0,0,0,,0,,,github-corrective-prs,,0,0,unavailable (no GitHub issues — needs Jira),2026-09-04T13:24:59Z
2026-04,2026-04-01,2026-05-01,area,Management Information System,Management Information System,6,44,0,3,30,5.5,1333.6,,,2,8.3,24,2,7,23.3,23.3,1.0,49.1,44,3.8,49.2,27,0.3,10.5,17,38.6,mixed,1,0.5,105.8,19,43.2,52.3,21,47.7,3459.3,3749.2,4,0,0,44.1,44.1,7.1,2,1,0,1,2.3,1,,,github-corrective-prs,,0,0,unavailable (no GitHub issues — needs Jira),2026-09-04T13:24:59Z
2026-04,2026-04-01,2026-05-01,area,Platform Engineering,Platform Engineering,17,62,4,16,35,28.2,1343.3,,,0,0.0,32,0,13,37.1,22.9,5.0,441.3,62,3.6,584.3,56,11.3,41.0,6,9.7,mixed,1,11.3,41.0,6,9.7,12.9,54,87.1,3408.3,4047.2,2,0,0,11.3,17.0,8.3,12,9,0,3,0.0,0,,,github-corrective-prs,,0,0,unavailable (no GitHub issues — needs Jira),2026-09-04T13:24:59Z
2026-04,2026-04-01,2026-05-01,area,Scheduling & Listing System,Scheduling & Listing System,7,3,0,1,3,1.7,69.8,,,0,0.0,1,0,0,0.0,66.7,1.7,69.8,3,1.7,1.7,1,49.9,84.3,2,66.7,mixed,1,49.9,84.3,2,66.7,66.7,1,33.3,3459.3,3459.3,0,0,0,9.2,9.2,4.6,2,1,0,1,33.3,1,,,github-corrective-prs,,0,0,unavailable (no GitHub issues — needs Jira),2026-09-04T13:24:59Z
2026-04,2026-04-01,2026-05-01,model,unclassified,Too few changes to classify,9,2,0,0,3,1699.0,1699.0,,,0,0.0,3,0,3,100.0,0.0,13.2,22.1,2,13.2,22.1,2,,,0,0.0,unclassified,0,,,0,0.0,100.0,0,0.0,,,2,0,0,,,,0,0,0,0,0.0,0,,,github-corrective-prs,,0,0,unavailable (no GitHub issues — needs Jira),2026-09-04T13:25:00Z
2026-04,2026-04-01,2026-05-01,model,trunk-based,"Trunk-based, no integration branch",6,24,15,0,13,10.0,97.7,,,0,,0,0,0,0.0,38.5,0.6,46.8,24,,,0,0.6,46.8,24,100.0,trunk-based,6,0.6,46.8,24,100.0,100.0,0,0.0,,,0,0,0,,,,0,0,0,0,0.0,0,,,github-corrective-prs,,0,0,unavailable (no GitHub issues — needs Jira),2026-09-04T13:25:00Z
2026-04,2026-04-01,2026-05-01,model,team-branch,Via an integration branch,60,354,16,96,184,18.5,380.4,868.8,1049.5,6,5.6,160,9,25,13.6,23.4,6.2,50.9,354,5.1,49.9,291,16.5,63.8,63,17.8,team-branch,0,18.6,293.4,69,19.5,22.9,273,77.1,3407.5,3722.0,12,0,0,10.5,41.4,8.4,79,39,0,40,2.3,8,,,github-corrective-prs,,0,4,unavailable (no GitHub issues — needs Jira),2026-09-04T13:25:00Z
2026-04,2026-04-01,2026-05-01,product,advocate-portal,Advocate Portal,2,4,1,2,5,49.0,1699.0,,,0,0.0,5,0,4,80.0,0.0,10.6,20.5,4,10.6,20.5,4,,,0,0.0,team-branch,0,,,0,0.0,75.0,1,25.0,3602.2,3602.2,3,0,0,9.1,9.1,8.4,1,1,0,0,0.0,0,,,github-corrective-prs,,0,0,unavailable (no GitHub issues — needs Jira),2026-09-04T13:24:59Z
2026-04,2026-04-01,2026-05-01,product,audit-system,Audit System,3,20,0,1,10,259.7,1658.6,,,2,40.0,5,2,3,30.0,30.0,0.4,16.6,20,24.8,301.8,4,0.3,8.9,16,80.0,mixed,1,0.4,143.5,18,90.0,100.0,0,0.0,,,2,0,0,,,,0,0,0,0,5.0,1,,,github-corrective-prs,,0,0,unavailable (no GitHub issues — needs Jira),2026-09-04T13:24:59Z
2026-04,2026-04-01,2026-05-01,product,case-document-knowledge-system,Case Document Knowledge,3,17,0,0,17,24.8,152.1,,,4,100.0,4,4,0,0.0,23.5,24.8,152.1,17,8.2,307.3,4,38.5,111.5,13,76.5,mixed,1,74.0,1110.6,17,100.0,100.0,0,0.0,,,0,0,0,,,,0,0,0,0,0.0,0,,,github-corrective-prs,,0,0,unavailable (no GitHub issues — needs Jira),2026-09-04T13:24:59Z
2026-04,2026-04-01,2026-05-01,product,case-management-system,Case Management System,17,100,22,31,63,22.4,358.7,,,0,5.8,52,3,21,33.3,14.3,13.9,49.1,100,12.8,49.1,82,20.7,135.9,18,18.0,mixed,2,20.7,135.9,18,18.0,22.0,78,78.0,3386.1,3665.5,4,0,0,11.1,54.3,8.4,21,12,0,9,4.0,4,,,github-corrective-prs,,0,0,unavailable (no GitHub issues — needs Jira),2026-09-04T13:24:59Z
2026-04,2026-04-01,2026-05-01,product,cpci,Common Platform Civil Interface (CPCI),1,5,0,1,6,816.2,1699.0,,,0,0.0,6,0,5,83.3,0.0,1.9,22.2,5,1.9,22.2,5,,,0,0.0,team-branch,0,,,0,0.0,0.0,5,100.0,3356.3,3469.7,0,0,0,11.3,11.3,9.1,1,1,0,0,0.0,0,,,github-corrective-prs,,0,0,unavailable (no GitHub issues — needs Jira),2026-09-04T13:24:59Z
2026-04,2026-04-01,2026-05-01,product,cppi,Common Platform Prosecutor Interface (CPPI),1,7,0,1,7,1532.7,1699.0,,,0,0.0,6,0,6,85.7,0.0,19.8,162.3,7,19.8,571.8,5,12.8,21.2,2,28.6,team-branch,0,12.8,21.2,2,28.6,28.6,5,71.4,3385.1,4134.9,0,0,0,10.2,10.2,5.2,3,1,0,2,0.0,0,,,github-corrective-prs,,0,1,unavailable (no GitHub issues — needs Jira),2026-09-04T13:24:59Z
2026-04,2026-04-01,2026-05-01,product,cp-user-interface,Common Platform User Interface,1,0,0,0,0,,,,,0,,0,0,0,,,,,0,,,0,,,0,,team-branch,0,,,0,,,0,,,,0,0,0,,,,0,0,0,0,,0,,,github-corrective-prs,,0,0,unavailable (no GitHub issues — needs Jira),2026-09-04T13:24:59Z
2026-04,2026-04-01,2026-05-01,product,document-generation-system,Document Generation System,1,20,0,6,19,13.4,1434.5,,,0,0.0,19,0,5,26.3,21.1,8.2,1037.5,20,8.2,1147.3,18,38.5,61.2,2,10.0,team-branch,0,38.5,61.2,2,10.0,10.0,18,90.0,3397.3,4730.5,0,0,0,14.9,32.7,8.3,6,4,0,2,0.0,0,,,github-corrective-prs,,0,0,unavailable (no GitHub issues — needs Jira),2026-09-04T13:24:59Z
2026-04,2026-04-01,2026-05-01,product,document-ingestion-system,Document Ingestion System,3,14,0,1,10,64.7,1658.6,,,0,0.0,9,0,7,70.0,0.0,4.3,31.3,14,4.3,33.4,12,15.4,25.8,2,14.3,team-branch,0,15.4,25.8,2,14.3,14.3,12,85.7,3275.8,3474.6,0,0,0,10.5,10.5,5.2,3,1,0,2,0.0,0,,,github-corrective-prs,,0,0,unavailable (no GitHub issues — needs Jira),2026-09-04T13:24:59Z
2026-04,2026-04-01,2026-05-01,product,file-service-system,File Service,1,0,0,0,0,,,,,0,,0,0,0,,,,,0,,,0,,,0,,unclassified,0,,,0,,,0,,,,0,0,0,,,,0,0,0,0,,0,,,github-corrective-prs,,0,0,unavailable (no GitHub issues — needs Jira),2026-09-04T13:24:59Z
2026-04,2026-04-01,2026-05-01,product,hearing-system,Hearing System,5,33,2,12,28,22.6,195.0,,,0,0.0,25,0,10,35.7,21.4,1.2,24.3,33,1.1,19.5,30,16.1,36.4,3,9.1,team-branch,0,16.1,36.4,3,9.1,9.1,30,90.9,3356.3,3678.6,0,0,0,10.1,10.8,8.4,7,2,0,5,0.0,0,,,github-corrective-prs,,0,1,unavailable (no GitHub issues — needs Jira),2026-09-04T13:24:59Z
2026-04,2026-04-01,2026-05-01,product,id-mapper-system,Id Mapper System,1,1,0,0,1,1699.0,1699.0,,,0,0.0,1,0,1,100.0,0.0,0.6,0.6,1,0.6,0.6,1,,,0,0.0,team-branch,0,,,0,0.0,0.0,1,100.0,3356.3,3356.3,0,0,0,,,,0,0,0,0,0.0,0,,,github-corrective-prs,,0,0,unavailable (no GitHub issues — needs Jira),2026-09-04T13:24:59Z
2026-04,2026-04-01,2026-05-01,product,legacy-case-migration-system,Legacy Case Migration System,2,0,0,0,0,,,,,0,,0,0,0,,,,,0,,,0,,,0,,team-branch,0,,,0,,,0,,,,0,0,0,,,,0,0,0,0,,0,,,github-corrective-prs,,0,0,unavailable (no GitHub issues — needs Jira),2026-09-04T13:24:59Z
2026-04,2026-04-01,2026-05-01,product,management-information-system,Management Information System,3,24,0,2,23,5.5,1664.4,,,0,0.0,22,0,7,30.4,17.4,3.9,49.1,24,3.8,49.1,23,20.2,20.2,1,4.2,team-branch,0,20.2,20.2,1,4.2,12.5,21,87.5,3459.3,3749.2,2,0,0,44.1,44.1,7.1,2,1,0,1,0.0,0,,,github-corrective-prs,,0,0,unavailable (no GitHub issues — needs Jira),2026-09-04T13:24:59Z
2026-04,2026-04-01,2026-05-01,product,notify-system,Notify System,1,7,1,1,7,667.0,1699.0,,,0,0.0,6,0,6,85.7,0.0,19.5,106.1,7,19.5,277.0,5,15.7,26.5,2,28.6,team-branch,0,15.7,26.5,2,28.6,28.6,5,71.4,3408.4,3771.0,0,0,0,10.5,10.5,8.7,2,1,0,1,0.0,0,,,github-corrective-prs,,0,0,unavailable (no GitHub issues — needs Jira),2026-09-04T13:24:59Z
2026-04,2026-04-01,2026-05-01,product,reference-data-system,Reference Data System,4,14,1,7,12,34.5,1623.9,,,0,0.0,11,0,5,41.7,33.3,1.7,19.9,14,1.9,20.9,13,1.3,1.3,1,7.1,mixed,1,1.3,1.3,1,7.1,21.4,11,78.6,3408.3,3575.9,2,0,0,9.1,10.7,8.2,3,3,0,0,0.0,0,,,github-corrective-prs,,0,0,unavailable (no GitHub issues — needs Jira),2026-09-04T13:24:59Z
2026-04,2026-04-01,2026-05-01,product,results-distribution-system,Results Distribution System,7,76,2,24,52,46.4,477.9,,,0,2.3,43,1,15,28.8,19.2,2.8,63.0,76,6.9,162.8,59,1.2,14.1,17,22.4,team-branch,0,1.2,14.1,17,22.4,23.7,58,76.3,3410.3,3718.8,1,0,0,10.4,133.8,8.4,22,7,0,15,2.6,2,,,github-corrective-prs,,0,1,unavailable (no GitHub issues — needs Jira),2026-09-04T13:24:59Z
2026-04,2026-04-01,2026-05-01,product,scheduling-system,Scheduling System,1,2,0,0,3,1699.0,1699.0,,,0,0.0,3,0,3,100.0,0.0,25.2,42.5,2,25.2,42.5,2,,,0,0.0,team-branch,0,,,0,0.0,0.0,2,100.0,3382.7,3401.2,0,0,0,,,,0,0,0,0,0.0,0,,,github-corrective-prs,,0,0,unavailable (no GitHub issues — needs Jira),2026-09-04T13:24:59Z
2026-04,2026-04-01,2026-05-01,product,scheduling-and-listing-system,Scheduling and Listing System,7,3,0,1,3,1.7,69.8,,,0,0.0,1,0,0,0.0,66.7,1.7,69.8,3,1.7,1.7,1,49.9,84.3,2,66.7,mixed,1,49.9,84.3,2,66.7,66.7,1,33.3,3459.3,3459.3,0,0,0,9.2,9.2,4.6,2,1,0,1,33.3,1,,,github-corrective-prs,,0,0,unavailable (no GitHub issues — needs Jira),2026-09-04T13:24:59Z
2026-04,2026-04-01,2026-05-01,product,spi,Standard Prosecutor Interface (SPI),1,11,0,1,11,195.6,1699.0,,,0,0.0,10,0,8,72.7,9.1,19.8,442.6,11,22.5,114.0,8,2.0,537.2,3,27.3,team-branch,0,2.0,537.2,3,27.3,27.3,8,72.7,3489.7,3860.5,0,0,0,40.3,40.3,5.2,3,1,0,2,0.0,0,,,github-corrective-prs,,0,1,unavailable (no GitHub issues — needs Jira),2026-09-04T13:24:59Z
2026-04,2026-04-01,2026-05-01,product,support-system,Support System,1,2,0,0,3,1699.0,1699.0,,,0,0.0,3,0,3,100.0,0.0,791.2,1344.6,2,791.2,1344.6,2,,,0,0.0,team-branch,0,,,0,0.0,0.0,2,100.0,4148.6,4703.3,0,0,0,,,,0,0,0,0,0.0,0,,,github-corrective-prs,,0,0,unavailable (no GitHub issues — needs Jira),2026-09-04T13:24:59Z
2026-04,2026-04-01,2026-05-01,product,ssystem-announcement-system,System Announcement System,1,3,0,0,4,1641.2,1699.0,,,0,0.0,4,0,4,100.0,0.0,19.9,1113.3,3,19.9,1113.3,3,,,0,0.0,team-branch,0,,,0,0.0,0.0,3,100.0,3356.3,4465.7,0,0,0,,,,0,0,0,0,0.0,0,,,github-corrective-prs,,0,0,unavailable (no GitHub issues — needs Jira),2026-09-04T13:24:59Z
2026-04,2026-04-01,2026-05-01,product,ui-notification-system,UI Notification System,1,5,0,1,4,1641.2,1699.0,,,0,0.0,4,0,4,100.0,0.0,0.5,414.0,5,0.5,414.0,5,,,0,0.0,team-branch,0,,,0,0.0,0.0,5,100.0,3408.4,3990.4,0,0,0,,,,0,0,0,0,0.0,0,,,github-corrective-prs,,0,0,unavailable (no GitHub issues — needs Jira),2026-09-04T13:24:59Z
2026-04,2026-04-01,2026-05-01,product,users-and-groups-system,Users and Groups System,4,8,2,1,6,122.3,2349.5,,,0,0.0,5,0,6,100.0,0.0,7.3,16.5,8,0.6,444.0,7,16.5,16.5,1,12.5,team-branch,0,16.5,16.5,1,12.5,12.5,7,87.5,3594.9,4146.1,0,0,0,11.3,11.3,9.1,1,1,0,0,0.0,0,,,github-corrective-prs,,0,0,unavailable (no GitHub issues — needs Jira),2026-09-04T13:24:59Z
2026-04,2026-04-01,2026-05-01,product,work-management-system,Work Management System,3,4,0,3,4,37.4,118.9,,,0,,0,0,3,75.0,25.0,8.4,24.0,4,,,0,8.4,24.0,4,100.0,team-branch,0,8.4,24.0,4,100.0,100.0,0,0.0,,,0,0,0,10.3,10.4,9.1,2,2,0,0,0.0,0,,,github-corrective-prs,,0,0,unavailable (no GitHub issues — needs Jira),2026-09-04T13:24:59Z
2026-04,2026-04-01,2026-05-01,repo,cp-ai-rag-service,cp-ai-rag-service,1,5,0,0,5,71.0,121.5,,,0,,0,0,0,0.0,0.0,71.0,121.5,5,,,0,71.0,121.5,5,100.0,trunk-based,1,71.0,121.5,5,100.0,100.0,0,0.0,,,0,0,0,,,,0,0,0,0,0.0,0,,,github-corrective-prs,,0,0,unavailable (no GitHub issues — needs Jira),2026-09-04T13:25:00Z
2026-04,2026-04-01,2026-05-01,repo,cp-audit-reports-service-v2,cp-audit-reports-service-v2,1,14,0,0,3,10.8,611.9,,,0,,0,0,0,0.0,0.0,0.3,10.0,14,,,0,0.3,10.0,14,100.0,trunk-based,1,0.3,10.0,14,100.0,100.0,0,0.0,,,0,0,0,,,,0,0,0,0,0.0,0,,,github-corrective-prs,,0,0,unavailable (no GitHub issues — needs Jira),2026-09-04T13:25:00Z
2026-04,2026-04-01,2026-05-01,repo,cp-case-document-knowledge-service,cp-case-document-knowledge-service,1,8,0,0,8,31.7,91.0,,,0,,0,0,0,0.0,50.0,31.7,91.0,8,,,0,31.7,91.0,8,100.0,team-branch,0,31.7,91.0,8,100.0,100.0,0,0.0,,,0,0,0,,,,0,0,0,0,0.0,0,,,github-corrective-prs,,0,0,unavailable (no GitHub issues — needs Jira),2026-09-04T13:25:00Z
2026-04,2026-04-01,2026-05-01,repo,cp-court-list-publishing-service,cp-court-list-publishing-service,1,2,0,1,2,50.3,84.4,,,0,0.0,1,0,0,0.0,50.0,50.3,84.4,2,1.7,1.7,1,99.0,99.0,1,50.0,team-branch,0,99.0,99.0,1,50.0,50.0,1,50.0,3459.3,3459.3,0,0,0,9.2,9.2,4.6,2,1,0,1,50.0,1,,,github-corrective-prs,,0,0,unavailable (no GitHub issues — needs Jira),2026-09-04T13:25:00Z
2026-04,2026-04-01,2026-05-01,repo,cp-file-service,cp-file-service,1,0,0,0,0,,,,,0,,0,0,0,,,,,0,,,0,,,0,,unclassified,0,,,0,,,0,,,,0,0,0,,,,0,0,0,0,,0,,,github-corrective-prs,,0,0,unavailable (no GitHub issues — needs Jira),2026-09-04T13:25:00Z
2026-04,2026-04-01,2026-05-01,repo,cpp-context-applications-courtorders,cpp-context-applications-courtorders,1,3,0,2,5,52.5,1699.0,,,0,0.0,4,0,5,100.0,0.0,19.3,36.4,3,16.2,18.3,2,43.8,43.8,1,33.3,team-branch,0,43.8,43.8,1,33.3,33.3,2,66.7,3428.7,3544.4,0,0,0,11.0,11.0,9.2,1,1,0,0,0.0,0,,,github-corrective-prs,,0,0,unavailable (no GitHub issues — needs Jira),2026-09-04T13:25:00Z
2026-04,2026-04-01,2026-05-01,repo,cpp-context-archiving,cpp-context-archiving,1,4,0,1,5,1583.4,1699.0,,,0,0.0,5,0,5,100.0,0.0,16.3,35.7,4,16.3,35.7,4,,,0,0.0,team-branch,0,,,0,0.0,0.0,4,100.0,3382.3,3510.5,0,0,0,10.4,10.4,9.1,1,1,0,0,0.0,0,,,github-corrective-prs,,0,0,unavailable (no GitHub issues — needs Jira),2026-09-04T13:25:00Z
2026-04,2026-04-01,2026-05-01,repo,cpp-context-audit2dls,cpp-context-audit2dls,1,3,0,0,4,1641.2,1699.0,,,0,0.0,3,0,3,75.0,25.0,0.9,34.7,3,24.8,41.8,2,0.9,0.9,1,33.3,team-branch,0,0.9,0.9,1,33.3,100.0,0,0.0,,,2,0,0,,,,0,0,0,0,0.0,0,,,github-corrective-prs,,0,0,unavailable (no GitHub issues — needs Jira),2026-09-04T13:25:00Z
2026-04,2026-04-01,2026-05-01,repo,cpp-context-azure-legalaidagency,cpp-context-azure-legalaidagency,1,10,0,3,10,212.9,1058.0,,,0,12.5,8,1,3,30.0,40.0,11.6,278.4,10,67.6,355.2,7,3.2,5.2,3,30.0,team-branch,0,3.2,5.2,3,30.0,30.0,7,70.0,3434.4,3759.0,0,0,0,9.2,9.2,8.7,4,1,0,3,10.0,1,,,github-corrective-prs,,0,0,unavailable (no GitHub issues — needs Jira),2026-09-04T13:25:00Z
2026-04,2026-04-01,2026-05-01,repo,cpp-context-boxworkmanagement,cpp-context-boxworkmanagement,1,1,0,0,2,97.8,150.6,,,0,,0,0,2,100.0,0.0,22.3,22.3,1,,,0,22.3,22.3,1,100.0,team-branch,0,22.3,22.3,1,100.0,100.0,0,0.0,,,0,0,0,,,,0,0,0,0,0.0,0,,,github-corrective-prs,,0,0,unavailable (no GitHub issues — needs Jira),2026-09-04T13:25:00Z
2026-04,2026-04-01,2026-05-01,repo,cpp-context-businessprocesses,cpp-context-businessprocesses,1,2,0,1,3,52.5,137.0,,,0,,0,0,3,100.0,0.0,23.3,28.1,2,,,0,23.3,28.1,2,100.0,team-branch,0,23.3,28.1,2,100.0,100.0,0,0.0,,,0,0,0,10.4,10.4,9.1,1,1,0,0,0.0,0,,,github-corrective-prs,,0,0,unavailable (no GitHub issues — needs Jira),2026-09-04T13:25:00Z
2026-04,2026-04-01,2026-05-01,repo,cpp-context-correspondence,cpp-context-correspondence,1,5,0,0,6,818.0,1699.0,,,0,0.0,5,0,6,100.0,0.0,21.1,47.9,5,20.2,36.5,4,47.1,47.1,1,20.0,team-branch,0,47.1,47.1,1,20.0,20.0,4,80.0,3382.3,3510.4,0,0,0,11.1,11.1,9.1,1,1,0,0,0.0,0,,,github-corrective-prs,,0,0,unavailable (no GitHub issues — needs Jira),2026-09-04T13:25:00Z
2026-04,2026-04-01,2026-05-01,repo,cpp-context-defence,cpp-context-defence,1,4,1,2,5,49.0,1699.0,,,0,0.0,5,0,4,80.0,0.0,10.6,20.5,4,10.6,20.5,4,,,0,0.0,team-branch,0,,,0,0.0,75.0,1,25.0,3602.2,3602.2,3,0,0,9.1,9.1,8.4,1,1,0,0,0.0,0,,,github-corrective-prs,,0,0,unavailable (no GitHub issues — needs Jira),2026-09-04T13:25:00Z
2026-04,2026-04-01,2026-05-01,repo,cpp-context-hearing,cpp-context-hearing,1,27,1,12,25,19.9,387.6,,,0,0.0,23,0,8,32.0,24.0,1.1,18.2,27,1.1,18.6,25,8.3,13.8,2,7.4,team-branch,0,8.3,13.8,2,7.4,7.4,25,92.6,3361.6,3722.5,0,0,0,9.1,9.1,8.3,6,1,0,5,0.0,0,,,github-corrective-prs,,0,1,unavailable (no GitHub issues — needs Jira),2026-09-04T13:25:00Z
2026-04,2026-04-01,2026-05-01,repo,cpp-context-hearing-nows,cpp-context-hearing-nows,1,9,1,1,9,49.0,1426.8,,,0,0.0,6,0,7,77.8,22.2,1.8,19.4,9,1.8,51.3,7,9.6,16.2,2,22.2,team-branch,0,9.6,16.2,2,22.2,22.2,7,77.8,3412.2,3612.0,0,0,0,9.2,9.2,8.3,2,1,0,1,11.1,1,,,github-corrective-prs,,0,0,unavailable (no GitHub issues — needs Jira),2026-09-04T13:25:00Z
2026-04,2026-04-01,2026-05-01,repo,cpp-context-idam-events-consumer,cpp-context-idam-events-consumer,1,0,0,0,0,,,,,0,,0,0,0,,,,,0,,,0,,,0,,unclassified,0,,,0,,,0,,,,0,0,0,,,,0,0,0,0,,0,,,github-corrective-prs,,0,0,unavailable (no GitHub issues — needs Jira),2026-09-04T13:25:00Z
2026-04,2026-04-01,2026-05-01,repo,cpp-context-listing,cpp-context-listing,1,0,0,0,0,,,,,0,,0,0,0,,,,,0,,,0,,,0,,team-branch,0,,,0,,,0,,,,0,0,0,,,,0,0,0,0,,0,,,github-corrective-prs,,0,0,unavailable (no GitHub issues — needs Jira),2026-09-04T13:25:00Z
2026-04,2026-04-01,2026-05-01,repo,cpp-context-listing-courtscheduler,cpp-context-listing-courtscheduler,1,0,0,0,0,,,,,0,,0,0,0,,,,,0,,,0,,,0,,team-branch,0,,,0,,,0,,,,0,0,0,,,,0,0,0,0,,0,,,github-corrective-prs,,0,0,unavailable (no GitHub issues — needs Jira),2026-09-04T13:25:00Z
2026-04,2026-04-01,2026-05-01,repo,cpp-context-material,cpp-context-material,1,3,0,2,5,52.5,1699.0,,,0,0.0,4,0,5,100.0,0.0,19.4,32.1,3,10.1,16.6,2,37.6,37.6,1,33.3,team-branch,0,37.6,37.6,1,33.3,33.3,2,66.7,3431.4,3548.9,0,0,0,10.5,10.5,8.9,1,1,0,0,0.0,0,,,github-corrective-prs,,0,0,unavailable (no GitHub issues — needs Jira),2026-09-04T13:25:00Z
2026-04,2026-04-01,2026-05-01,repo,cpp-context-material-id-mapper,cpp-context-material-id-mapper,1,0,0,0,0,,,,,0,,0,0,0,,,,,0,,,0,,,0,,unclassified,0,,,0,,,0,,,,0,0,0,,,,0,0,0,0,,0,,,github-corrective-prs,,0,0,unavailable (no GitHub issues — needs Jira),2026-09-04T13:25:00Z
2026-04,2026-04-01,2026-05-01,repo,cpp-context-mi-reportdata,cpp-context-mi-reportdata,1,22,0,2,23,5.5,1664.4,,,0,0.0,22,0,7,30.4,17.4,3.9,47.1,22,3.8,49.1,21,20.2,20.2,1,4.5,team-branch,0,20.2,20.2,1,4.5,4.5,21,95.5,3459.3,3749.2,0,0,0,44.1,44.1,7.1,2,1,0,1,0.0,0,,,github-corrective-prs,,0,0,unavailable (no GitHub issues — needs Jira),2026-09-04T13:25:00Z
2026-04,2026-04-01,2026-05-01,repo,cpp-context-mi-systemdata,cpp-context-mi-systemdata,1,2,0,0,3,1699.0,1699.0,,,0,0.0,3,0,3,100.0,0.0,24.9,41.9,2,24.9,41.9,2,,,0,0.0,team-branch,0,,,0,0.0,100.0,0,0.0,,,2,0,0,,,,0,0,0,0,0.0,0,,,github-corrective-prs,,0,0,unavailable (no GitHub issues — needs Jira),2026-09-04T13:25:00Z
2026-04,2026-04-01,2026-05-01,repo,cpp-context-notification,cpp-context-notification,1,5,0,1,4,1641.2,1699.0,,,0,0.0,4,0,4,100.0,0.0,0.5,414.0,5,0.5,414.0,5,,,0,0.0,team-branch,0,,,0,0.0,0.0,5,100.0,3408.4,3990.4,0,0,0,,,,0,0,0,0,0.0,0,,,github-corrective-prs,,0,0,unavailable (no GitHub issues — needs Jira),2026-09-04T13:25:00Z
2026-04,2026-04-01,2026-05-01,repo,cpp-context-notification-notify,cpp-context-notification-notify,1,7,1,1,7,667.0,1699.0,,,0,0.0,6,0,6,85.7,0.0,19.5,106.1,7,19.5,277.0,5,15.7,26.5,2,28.6,team-branch,0,15.7,26.5,2,28.6,28.6,5,71.4,3408.4,3771.0,0,0,0,10.5,10.5,8.7,2,1,0,1,0.0,0,,,github-corrective-prs,,0,0,unavailable (no GitHub issues — needs Jira),2026-09-04T13:25:00Z
2026-04,2026-04-01,2026-05-01,repo,cpp-context-progression,cpp-context-progression,1,30,1,11,22,63.9,649.7,,,0,0.0,21,0,9,40.9,9.1,12.9,135.7,30,12.5,146.0,29,18.6,18.6,1,3.3,team-branch,0,18.6,18.6,1,3.3,3.3,29,96.7,3423.3,3720.2,0,0,0,9.2,9.2,8.3,4,2,0,2,10.0,3,,,github-corrective-prs,,0,0,unavailable (no GitHub issues — needs Jira),2026-09-04T13:25:00Z
2026-04,2026-04-01,2026-05-01,repo,cpp-context-prosecution-casefile,cpp-context-prosecution-casefile,1,10,2,5,9,42.6,167.8,,,0,0.0,7,0,5,55.6,11.1,4.4,18.7,10,2.0,16.9,6,12.8,26.5,4,40.0,team-branch,0,12.8,26.5,4,40.0,40.0,6,60.0,3465.4,3727.6,0,0,0,9.2,9.2,5.2,4,1,0,3,0.0,0,,,github-corrective-prs,,0,0,unavailable (no GitHub issues — needs Jira),2026-09-04T13:25:00Z
2026-04,2026-04-01,2026-05-01,repo,cpp-context-prosecution-casefile-dlrm,cpp-context-prosecution-casefile-dlrm,1,0,0,0,0,,,,,0,,0,0,0,,,,,0,,,0,,,0,,team-branch,0,,,0,,,0,,,,0,0,0,,,,0,0,0,0,,0,,,github-corrective-prs,,0,0,unavailable (no GitHub issues — needs Jira),2026-09-04T13:25:00Z
2026-04,2026-04-01,2026-05-01,repo,cpp-context-prosecution-documentqueue,cpp-context-prosecution-documentqueue,1,8,0,0,7,77.0,1699.0,,,0,0.0,7,0,5,71.4,0.0,2.0,18.9,8,2.0,18.9,8,,,0,0.0,team-branch,0,,,0,0.0,0.0,8,100.0,3265.2,3352.7,0,0,0,,,,0,0,0,0,0.0,0,,,github-corrective-prs,,0,0,unavailable (no GitHub issues — needs Jira),2026-09-04T13:25:00Z
2026-04,2026-04-01,2026-05-01,repo,cpp-context-reference-data,cpp-context-reference-data,1,9,0,4,10,34.5,1250.0,,,0,0.0,10,0,4,40.0,30.0,1.9,16.2,9,1.9,16.2,9,,,0,0.0,team-branch,0,,,0,0.0,0.0,9,100.0,3408.3,3549.2,0,0,0,9.1,9.1,8.1,2,2,0,0,0.0,0,,,github-corrective-prs,,0,0,unavailable (no GitHub issues — needs Jira),2026-09-04T13:25:00Z
2026-04,2026-04-01,2026-05-01,repo,cpp-context-referencedata-offences,cpp-context-referencedata-offences,1,2,0,3,4,874.0,1699.0,,,0,0.0,4,0,4,100.0,0.0,10.1,16.8,2,10.1,16.8,2,,,0,0.0,team-branch,0,,,0,0.0,0.0,2,100.0,3430.8,3548.0,0,0,0,11.3,11.3,9.1,1,1,0,0,0.0,0,,,github-corrective-prs,,0,0,unavailable (no GitHub issues — needs Jira),2026-09-04T13:25:00Z
2026-04,2026-04-01,2026-05-01,repo,cpp-context-resulting,cpp-context-resulting,1,4,1,0,5,52.5,1699.0,,,0,0.0,4,0,5,100.0,0.0,18.5,33.7,4,17.3,18.9,3,45.1,45.1,1,25.0,team-branch,0,45.1,45.1,1,25.0,25.0,3,75.0,3356.3,3525.6,0,0,0,11.1,11.1,9.2,1,1,0,0,0.0,0,,,github-corrective-prs,,0,0,unavailable (no GitHub issues — needs Jira),2026-09-04T13:25:00Z
2026-04,2026-04-01,2026-05-01,repo,cpp-context-results,cpp-context-results,1,8,1,8,8,129.5,332.6,,,0,14.3,7,1,3,37.5,12.5,1.2,13.5,8,7.9,191.3,4,0.6,2.1,4,50.0,team-branch,0,0.6,2.1,4,50.0,62.5,3,37.5,3547.4,3666.8,1,0,0,,,8.2,6,0,0,6,0.0,0,,,github-corrective-prs,,0,0,unavailable (no GitHub issues — needs Jira),2026-09-04T13:25:00Z
2026-04,2026-04-01,2026-05-01,repo,cpp-context-sjp,cpp-context-sjp,1,11,1,4,10,50.8,1699.0,,,0,0.0,8,0,8,80.0,10.0,2.7,192.0,11,2.7,321.8,8,16.8,37.4,3,27.3,team-branch,0,16.8,37.4,3,27.3,27.3,8,72.7,3309.9,3713.3,0,0,0,11.1,11.1,9.2,1,1,0,0,0.0,0,,,github-corrective-prs,,0,0,unavailable (no GitHub issues — needs Jira),2026-09-04T13:25:00Z
2026-04,2026-04-01,2026-05-01,repo,cpp-context-staging,cpp-context-staging,1,1,0,0,1,1699.0,1699.0,,,0,0.0,1,0,1,100.0,0.0,0.6,0.6,1,0.6,0.6,1,,,0,0.0,team-branch,0,,,0,0.0,0.0,1,100.0,3356.3,3356.3,0,0,0,,,,0,0,0,0,0.0,0,,,github-corrective-prs,,0,0,unavailable (no GitHub issues — needs Jira),2026-09-04T13:25:00Z
2026-04,2026-04-01,2026-05-01,repo,cpp-context-staging-bulkscan,cpp-context-staging-bulkscan,1,6,0,1,6,792.5,1699.0,,,0,0.0,5,0,5,83.3,0.0,22.3,370.4,6,22.3,776.2,4,15.4,25.8,2,33.3,team-branch,0,15.4,25.8,2,33.3,33.3,4,66.7,3477.0,4337.5,0,0,0,10.5,10.5,5.2,3,1,0,2,0.0,0,,,github-corrective-prs,,0,0,unavailable (no GitHub issues — needs Jira),2026-09-04T13:25:00Z
2026-04,2026-04-01,2026-05-01,repo,cpp-context-staging-darts,cpp-context-staging-darts,1,2,0,0,1,184.3,184.3,,,0,0.0,1,0,0,0.0,0.0,21.6,36.5,2,21.6,36.5,2,,,0,0.0,team-branch,0,,,0,0.0,0.0,2,100.0,3141.5,3205.9,0,0,0,,,,0,0,0,0,0.0,0,,,github-corrective-prs,,0,0,unavailable (no GitHub issues — needs Jira),2026-09-04T13:25:00Z
2026-04,2026-04-01,2026-05-01,repo,cpp-context-staging-dcs,cpp-context-staging-dcs,1,4,0,1,4,874.0,1699.0,,,0,0.0,4,0,4,100.0,0.0,10.1,18.9,4,10.1,18.9,4,,,0,0.0,team-branch,0,,,0,0.0,0.0,4,100.0,3358.9,3491.4,0,0,0,11.3,11.3,9.2,1,1,0,0,0.0,0,,,github-corrective-prs,,0,0,unavailable (no GitHub issues — needs Jira),2026-09-04T13:25:00Z
2026-04,2026-04-01,2026-05-01,repo,cpp-context-staging-dvla,cpp-context-staging-dvla,1,26,0,5,26,46.4,702.1,,,0,0.0,24,0,8,30.8,0.0,2.3,58.0,26,2.4,123.3,23,0.7,5.0,3,11.5,team-branch,0,0.7,5.0,3,11.5,11.5,23,88.5,3432.7,3589.1,0,0,0,11.3,11.3,8.7,4,1,0,3,0.0,0,,,github-corrective-prs,,0,1,unavailable (no GitHub issues — needs Jira),2026-09-04T13:25:00Z
2026-04,2026-04-01,2026-05-01,repo,cpp-context-staging-enforcement,cpp-context-staging-enforcement,1,13,0,3,8,878.4,1699.0,,,0,0.0,5,0,6,75.0,25.0,1.2,27.7,13,1.0,31.9,10,1.2,16.4,3,23.1,team-branch,0,1.2,16.4,3,23.1,23.1,10,76.9,3316.8,3621.9,0,0,0,151.1,249.7,9.0,3,2,0,1,0.0,0,,,github-corrective-prs,,0,0,unavailable (no GitHub issues — needs Jira),2026-09-04T13:25:00Z
2026-04,2026-04-01,2026-05-01,repo,cpp-context-staging-pnld-offences,cpp-context-staging-pnld-offences,1,2,0,0,3,1699.0,1699.0,,,0,0.0,3,0,3,100.0,0.0,13.2,22.1,2,13.2,22.1,2,,,0,0.0,unclassified,0,,,0,0.0,100.0,0,0.0,,,2,0,0,,,,0,0,0,0,0.0,0,,,github-corrective-prs,,0,0,unavailable (no GitHub issues — needs Jira),2026-09-04T13:25:00Z
2026-04,2026-04-01,2026-05-01,repo,cpp-context-staging-prosecutors,cpp-context-staging-prosecutors,1,7,0,1,7,1532.7,1699.0,,,0,0.0,6,0,6,85.7,0.0,19.8,162.3,7,19.8,571.8,5,12.8,21.2,2,28.6,team-branch,0,12.8,21.2,2,28.6,28.6,5,71.4,3385.1,4134.9,0,0,0,10.2,10.2,5.2,3,1,0,2,0.0,0,,,github-corrective-prs,,0,1,unavailable (no GitHub issues — needs Jira),2026-09-04T13:25:00Z
2026-04,2026-04-01,2026-05-01,repo,cpp-context-staging-prosecutors-civil,cpp-context-staging-prosecutors-civil,1,5,0,1,6,816.2,1699.0,,,0,0.0,6,0,5,83.3,0.0,1.9,22.2,5,1.9,22.2,5,,,0,0.0,team-branch,0,,,0,0.0,0.0,5,100.0,3356.3,3469.7,0,0,0,11.3,11.3,9.1,1,1,0,0,0.0,0,,,github-corrective-prs,,0,0,unavailable (no GitHub issues — needs Jira),2026-09-04T13:25:00Z
2026-04,2026-04-01,2026-05-01,repo,cpp-context-staging-prosecutors-spi,cpp-context-staging-prosecutors-spi,1,11,0,1,11,195.6,1699.0,,,0,0.0,10,0,8,72.7,9.1,19.8,442.6,11,22.5,114.0,8,2.0,537.2,3,27.3,team-branch,0,2.0,537.2,3,27.3,27.3,8,72.7,3489.7,3860.5,0,0,0,40.3,40.3,5.2,3,1,0,2,0.0,0,,,github-corrective-prs,,0,1,unavailable (no GitHub issues — needs Jira),2026-09-04T13:25:00Z
2026-04,2026-04-01,2026-05-01,repo,cpp-context-staging-pubhub,cpp-context-staging-pubhub,1,0,0,0,0,,,,,0,,0,0,0,,,,,0,,,0,,,0,,unclassified,0,,,0,,,0,,,,0,0,0,,,,0,0,0,0,,0,,,github-corrective-prs,,0,0,unavailable (no GitHub issues — needs Jira),2026-09-04T13:25:00Z
2026-04,2026-04-01,2026-05-01,repo,cpp-context-stagingdlrm,cpp-context-stagingdlrm,1,0,0,0,0,,,,,0,,0,0,0,,,,,0,,,0,,,0,,team-branch,0,,,0,,,0,,,,0,0,0,,,,0,0,0,0,,0,,,github-corrective-prs,,0,0,unavailable (no GitHub issues — needs Jira),2026-09-04T13:25:00Z
2026-04,2026-04-01,2026-05-01,repo,cpp-context-subscriptions,cpp-context-subscriptions,1,9,0,4,8,223.2,1693.3,,,0,0.0,8,0,5,62.5,12.5,15.6,19.6,9,16.1,19.8,8,0.4,0.4,1,11.1,team-branch,0,0.4,0.4,1,11.1,11.1,8,88.9,3382.3,3586.9,0,0,0,10.4,10.4,8.7,2,1,0,1,0.0,0,,,github-corrective-prs,,0,0,unavailable (no GitHub issues — needs Jira),2026-09-04T13:25:00Z
2026-04,2026-04-01,2026-05-01,repo,cpp-context-support,cpp-context-support,1,2,0,0,3,1699.0,1699.0,,,0,0.0,3,0,3,100.0,0.0,791.2,1344.6,2,791.2,1344.6,2,,,0,0.0,team-branch,0,,,0,0.0,0.0,2,100.0,4148.6,4703.3,0,0,0,,,,0,0,0,0,0.0,0,,,github-corrective-prs,,0,0,unavailable (no GitHub issues — needs Jira),2026-09-04T13:25:00Z
2026-04,2026-04-01,2026-05-01,repo,cpp-context-system-announcement,cpp-context-system-announcement,1,3,0,0,4,1641.2,1699.0,,,0,0.0,4,0,4,100.0,0.0,19.9,1113.3,3,19.9,1113.3,3,,,0,0.0,team-branch,0,,,0,0.0,0.0,3,100.0,3356.3,4465.7,0,0,0,,,,0,0,0,0,0.0,0,,,github-corrective-prs,,0,0,unavailable (no GitHub issues — needs Jira),2026-09-04T13:25:00Z
2026-04,2026-04-01,2026-05-01,repo,cpp-context-system-doc-generator,cpp-context-system-doc-generator,1,20,0,6,19,13.4,1434.5,,,0,0.0,19,0,5,26.3,21.1,8.2,1037.5,20,8.2,1147.3,18,38.5,61.2,2,10.0,team-branch,0,38.5,61.2,2,10.0,10.0,18,90.0,3397.3,4730.5,0,0,0,14.9,32.7,8.3,6,4,0,2,0.0,0,,,github-corrective-prs,,0,0,unavailable (no GitHub issues — needs Jira),2026-09-04T13:25:00Z
2026-04,2026-04-01,2026-05-01,repo,cpp-context-system-id-mapper,cpp-context-system-id-mapper,1,1,0,0,1,1699.0,1699.0,,,0,0.0,1,0,1,100.0,0.0,0.6,0.6,1,0.6,0.6,1,,,0,0.0,team-branch,0,,,0,0.0,0.0,1,100.0,3356.3,3356.3,0,0,0,,,,0,0,0,0,0.0,0,,,github-corrective-prs,,0,0,unavailable (no GitHub issues — needs Jira),2026-09-04T13:25:00Z
2026-04,2026-04-01,2026-05-01,repo,cpp-context-system-scheduling,cpp-context-system-scheduling,1,2,0,0,3,1699.0,1699.0,,,0,0.0,3,0,3,100.0,0.0,25.2,42.5,2,25.2,42.5,2,,,0,0.0,team-branch,0,,,0,0.0,0.0,2,100.0,3382.7,3401.2,0,0,0,,,,0,0,0,0,0.0,0,,,github-corrective-prs,,0,0,unavailable (no GitHub issues — needs Jira),2026-09-04T13:25:00Z
2026-04,2026-04-01,2026-05-01,repo,cpp-context-unifiedsearch-query,cpp-context-unifiedsearch-query,1,3,0,2,4,1641.2,1699.0,,,0,0.0,4,0,4,100.0,0.0,19.9,40.3,3,19.9,40.3,3,,,0,0.0,team-branch,0,,,0,0.0,0.0,3,100.0,3356.3,3392.7,0,0,0,,,,0,0,0,0,0.0,0,,,github-corrective-prs,,0,0,unavailable (no GitHub issues — needs Jira),2026-09-04T13:25:00Z
2026-04,2026-04-01,2026-05-01,repo,cpp-context-users-groups,cpp-context-users-groups,1,7,2,1,6,122.3,2349.5,,,0,0.0,5,0,6,100.0,0.0,14.0,444.1,7,7.3,1085.4,6,16.5,16.5,1,14.3,team-branch,0,16.5,16.5,1,14.3,14.3,6,85.7,3658.4,4719.2,0,0,0,11.3,11.3,9.1,1,1,0,0,0.0,0,,,github-corrective-prs,,0,0,unavailable (no GitHub issues — needs Jira),2026-09-04T13:25:00Z
2026-04,2026-04-01,2026-05-01,repo,cpp-context-work-management-proxy,cpp-context-work-management-proxy,1,2,0,2,3,22.4,128.0,,,0,,0,0,2,66.7,33.3,0.3,0.3,2,,,0,0.3,0.3,2,100.0,team-branch,0,0.3,0.3,2,100.0,100.0,0,0.0,,,0,0,0,10.3,10.3,9.1,1,1,0,0,0.0,0,,,github-corrective-prs,,0,0,unavailable (no GitHub issues — needs Jira),2026-09-04T13:25:00Z
2026-04,2026-04-01,2026-05-01,repo,cpp-ui-ai-intelligence,cpp-ui-ai-intelligence,1,4,0,0,4,8.2,417.3,,,4,100.0,4,4,0,0.0,0.0,8.2,307.3,4,8.2,307.3,4,,,0,0.0,team-branch,0,1093.8,1496.8,4,100.0,100.0,0,0.0,,,0,0,0,,,,0,0,0,0,0.0,0,,,github-corrective-prs,,0,0,unavailable (no GitHub issues — needs Jira),2026-09-04T13:25:00Z
2026-04,2026-04-01,2026-05-01,repo,cpp-ui-audit-reports,cpp-ui-audit-reports,1,3,0,1,3,0.5,356.2,,,2,100.0,2,2,0,0.0,66.7,0.5,356.2,3,254.4,432.3,2,0.5,0.5,1,33.3,team-branch,0,305.6,746.9,3,100.0,100.0,0,0.0,,,0,0,0,,,,0,0,0,0,33.3,1,,,github-corrective-prs,,0,0,unavailable (no GitHub issues — needs Jira),2026-09-04T13:25:00Z
2026-04,2026-04-01,2026-05-01,repo,cpp-ui-bulkscan,cpp-ui-bulkscan,1,0,0,0,0,,,,,0,,0,0,0,,,,,0,,,0,,,0,,unclassified,0,,,0,,,0,,,,0,0,0,,,,0,0,0,0,,0,,,github-corrective-prs,,0,0,unavailable (no GitHub issues — needs Jira),2026-09-04T13:25:00Z
2026-04,2026-04-01,2026-05-01,repo,cpp-ui-case-management,cpp-ui-case-management,1,0,0,0,0,,,,,0,,0,0,0,,,,,0,,,0,,,0,,team-branch,0,,,0,,,0,,,,0,0,0,,,,0,0,0,0,,0,,,github-corrective-prs,,0,0,unavailable (no GitHub issues — needs Jira),2026-09-04T13:25:00Z
2026-04,2026-04-01,2026-05-01,repo,cpp-ui-courtscheduler,cpp-ui-courtscheduler,1,0,0,0,0,,,,,0,,0,0,0,,,,,0,,,0,,,0,,unclassified,0,,,0,,,0,,,,0,0,0,,,,0,0,0,0,,0,,,github-corrective-prs,,0,0,unavailable (no GitHub issues — needs Jira),2026-09-04T13:25:00Z
2026-04,2026-04-01,2026-05-01,repo,cpp-ui-defence,cpp-ui-defence,1,0,0,0,0,,,,,0,,0,0,0,,,,,0,,,0,,,0,,team-branch,0,,,0,,,0,,,,0,0,0,,,,0,0,0,0,,0,,,github-corrective-prs,,0,0,unavailable (no GitHub issues — needs Jira),2026-09-04T13:25:00Z
2026-04,2026-04-01,2026-05-01,repo,cpp-ui-external-services,cpp-ui-external-services,1,0,0,0,0,,,,,0,,0,0,0,,,,,0,,,0,,,0,,unclassified,0,,,0,,,0,,,,0,0,0,,,,0,0,0,0,,0,,,github-corrective-prs,,0,0,unavailable (no GitHub issues — needs Jira),2026-09-04T13:25:00Z
2026-04,2026-04-01,2026-05-01,repo,cpp-ui-hearing,cpp-ui-hearing,1,0,0,0,0,,,,,0,,0,0,0,,,,,0,,,0,,,0,,team-branch,0,,,0,,,0,,,,0,0,0,,,,0,0,0,0,,0,,,github-corrective-prs,,0,0,unavailable (no GitHub issues — needs Jira),2026-09-04T13:25:00Z
2026-04,2026-04-01,2026-05-01,repo,cpp-ui-home,cpp-ui-home,1,0,0,0,0,,,,,0,,0,0,0,,,,,0,,,0,,,0,,team-branch,0,,,0,,,0,,,,0,0,0,,,,0,0,0,0,,0,,,github-corrective-prs,,0,0,unavailable (no GitHub issues — needs Jira),2026-09-04T13:25:00Z
2026-04,2026-04-01,2026-05-01,repo,cpp-ui-listing,cpp-ui-listing,1,0,0,0,0,,,,,0,,0,0,0,,,,,0,,,0,,,0,,team-branch,0,,,0,,,0,,,,0,0,0,,,,0,0,0,0,,0,,,github-corrective-prs,,0,0,unavailable (no GitHub issues — needs Jira),2026-09-04T13:25:00Z
2026-04,2026-04-01,2026-05-01,repo,cpp-ui-managepermissions,cpp-ui-managepermissions,1,0,0,0,0,,,,,0,,0,0,0,,,,,0,,,0,,,0,,unclassified,0,,,0,,,0,,,,0,0,0,,,,0,0,0,0,,0,,,github-corrective-prs,,0,0,unavailable (no GitHub issues — needs Jira),2026-09-04T13:25:00Z
2026-04,2026-04-01,2026-05-01,repo,cpp-ui-opami,cpp-ui-opami,1,0,0,0,0,,,,,0,,0,0,0,,,,,0,,,0,,,0,,team-branch,0,,,0,,,0,,,,0,0,0,,,,0,0,0,0,,0,,,github-corrective-prs,,0,0,unavailable (no GitHub issues — needs Jira),2026-09-04T13:25:00Z
2026-04,2026-04-01,2026-05-01,repo,cpp-ui-prosecution-casefile,cpp-ui-prosecution-casefile,1,18,4,3,21,3.9,43.0,,,0,5.3,19,1,3,14.3,9.5,6.4,1234.6,18,4.0,25.1,16,2771.7,2828.1,2,11.1,team-branch,0,2771.7,2828.1,2,11.1,22.2,14,77.8,3398.7,3631.0,2,0,0,124.2,126.3,8.4,5,2,0,3,5.6,1,,,github-corrective-prs,,0,0,unavailable (no GitHub issues — needs Jira),2026-09-04T13:25:00Z
2026-04,2026-04-01,2026-05-01,repo,cpp-ui-prosecutor,cpp-ui-prosecutor,1,0,0,0,0,,,,,0,,0,0,0,,,,,0,,,0,,,0,,team-branch,0,,,0,,,0,,,,0,0,0,,,,0,0,0,0,,0,,,github-corrective-prs,,0,0,unavailable (no GitHub issues — needs Jira),2026-09-04T13:25:00Z
2026-04,2026-04-01,2026-05-01,repo,cpp-ui-sjp,cpp-ui-sjp,1,5,0,0,4,192.8,254.5,,,0,50.0,4,2,2,50.0,0.0,22.0,166.6,5,20.8,73.0,4,244.5,244.5,1,20.0,team-branch,0,244.5,244.5,1,20.0,60.0,2,40.0,3481.9,3515.4,2,0,0,18.4,18.4,8.1,2,1,0,1,0.0,0,,,github-corrective-prs,,0,0,unavailable (no GitHub issues — needs Jira),2026-09-04T13:25:00Z
2026-04,2026-04-01,2026-05-01,repo,cpp-ui-subscriptions,cpp-ui-subscriptions,1,1,0,0,1,2852.8,2852.8,,,0,,0,0,1,100.0,0.0,2588.8,2588.8,1,,,0,2588.8,2588.8,1,100.0,team-branch,0,2588.8,2588.8,1,100.0,100.0,0,0.0,,,0,0,0,116.3,116.3,8.4,1,1,0,0,0.0,0,,,github-corrective-prs,,0,0,unavailable (no GitHub issues — needs Jira),2026-09-04T13:25:00Z
2026-04,2026-04-01,2026-05-01,repo,cpp-ui-work-management,cpp-ui-work-management,1,0,0,0,0,,,,,0,,0,0,0,,,,,0,,,0,,,0,,team-branch,0,,,0,,,0,,,,0,0,0,,,,0,0,0,0,,0,,,github-corrective-prs,,0,0,unavailable (no GitHub issues — needs Jira),2026-09-04T13:25:00Z
2026-04,2026-04-01,2026-05-01,repo,service-cp-caseadmin-case-urn-mapper,service-cp-caseadmin-case-urn-mapper,1,2,3,0,2,0.4,0.5,,,0,,0,0,0,0.0,100.0,0.4,0.5,2,,,0,0.4,0.5,2,100.0,trunk-based,1,0.4,0.5,2,100.0,100.0,0,0.0,,,0,0,0,,,,0,0,0,0,0.0,0,,,github-corrective-prs,,0,0,unavailable (no GitHub issues — needs Jira),2026-09-04T13:25:00Z
2026-04,2026-04-01,2026-05-01,repo,service-cp-crime-prosecution-case-details,service-cp-crime-prosecution-case-details,1,1,11,0,1,0.5,0.5,,,0,,0,0,0,0.0,100.0,0.5,0.5,1,,,0,0.5,0.5,1,100.0,trunk-based,1,0.5,0.5,1,100.0,100.0,0,0.0,,,0,0,0,,,,0,0,0,0,0.0,0,,,github-corrective-prs,,0,0,unavailable (no GitHub issues — needs Jira),2026-09-04T13:25:00Z
2026-04,2026-04-01,2026-05-01,repo,service-cp-crime-scheduleandlist-courtschedule,service-cp-crime-scheduleandlist-courtschedule,1,1,0,0,1,0.8,0.8,,,0,,0,0,0,0.0,100.0,0.8,0.8,1,,,0,0.8,0.8,1,100.0,trunk-based,1,0.8,0.8,1,100.0,100.0,0,0.0,,,0,0,0,,,,0,0,0,0,0.0,0,,,github-corrective-prs,,0,0,unavailable (no GitHub issues — needs Jira),2026-09-04T13:25:00Z
2026-04,2026-04-01,2026-05-01,repo,service-cp-refdata-courthearing-courthouses,service-cp-refdata-courthearing-courthouses,1,1,1,0,1,1.3,1.3,,,0,,0,0,0,0.0,100.0,1.3,1.3,1,,,0,1.3,1.3,1,100.0,trunk-based,1,1.3,1.3,1,100.0,100.0,0,0.0,,,0,0,0,,,,0,0,0,0,0.0,0,,,github-corrective-prs,,0,0,unavailable (no GitHub issues — needs Jira),2026-09-04T13:25:00Z
2026-05,2026-05-01,2026-06-01,area,Case Administration,Case Administration,25,140,5,33,99,22.9,385.8,,,2,7.8,77,6,17,17.2,28.3,3.1,111.2,140,3.2,93.3,106,3.1,358.6,34,24.3,mixed,3,3.2,380.8,35,25.0,28.6,100,71.4,2758.5,3022.3,5,0,0,31.8,140.1,8.1,36,16,0,20,2.9,4,,,github-corrective-prs,,0,3,unavailable (no GitHub issues — needs Jira),2026-09-04T13:25:01Z
2026-05,2026-05-01,2026-06-01,area,Case Ingestion,Case Ingestion,6,13,0,3,11,3.2,408.9,,,0,0.0,4,0,2,18.2,18.2,2.1,75.4,13,72.0,190.6,5,0.5,3.1,8,61.5,team-branch,0,0.5,3.1,8,61.5,61.5,5,38.5,2692.5,2747.2,0,0,0,21.1,21.1,4.3,7,1,0,6,0.0,0,,,github-corrective-prs,,0,1,unavailable (no GitHub issues — needs Jira),2026-09-04T13:25:01Z
2026-05,2026-05-01,2026-06-01,area,Court Hearing,Court Hearing,12,74,1,26,55,14.3,328.7,,,0,0.0,42,0,8,14.5,20.0,1.7,27.8,74,1.8,26.5,62,1.5,58.9,12,16.2,team-branch,0,1.5,58.9,12,16.2,16.2,62,83.8,2736.4,2926.4,0,0,0,30.4,122.2,13.8,22,10,0,12,1.4,1,,,github-corrective-prs,,0,1,unavailable (no GitHub issues — needs Jira),2026-09-04T13:25:01Z
2026-05,2026-05-01,2026-06-01,area,DLRM,DLRM,2,0,0,0,0,,,,,0,,0,0,0,,,,,0,,,0,,,0,,team-branch,0,,,0,,,0,,,,0,0,0,,,,0,0,0,0,,0,,,github-corrective-prs,,0,0,unavailable (no GitHub issues — needs Jira),2026-09-04T13:25:01Z
2026-05,2026-05-01,2026-06-01,area,Management Information System,Management Information System,6,10,1,6,8,388.6,2546.0,,,0,0.0,5,0,1,12.5,12.5,79.9,628.4,10,2.1,509.8,7,504.5,638.0,3,30.0,mixed,1,504.5,638.0,3,30.0,30.0,7,70.0,2904.9,3369.0,0,0,0,122.2,161.7,12.3,7,5,0,2,0.0,0,,,github-corrective-prs,,0,2,unavailable (no GitHub issues — needs Jira),2026-09-04T13:25:01Z
2026-05,2026-05-01,2026-06-01,area,Platform Engineering,Platform Engineering,17,59,2,16,47,13.8,229.4,,,0,5.1,39,2,4,8.5,27.7,1.4,51.6,59,1.5,35.9,51,0.8,202.7,8,13.6,mixed,1,0.8,202.7,8,13.6,15.3,50,84.7,2655.2,2902.7,1,0,0,30.2,116.3,4.4,9,5,0,4,0.0,0,,,github-corrective-prs,,0,1,unavailable (no GitHub issues — needs Jira),2026-09-04T13:25:01Z
2026-05,2026-05-01,2026-06-01,area,Scheduling & Listing System,Scheduling & Listing System,7,9,0,1,6,37.2,178.0,,,0,0.0,4,0,0,0.0,50.0,29.0,115.6,9,29.0,139.2,7,34.7,58.7,2,22.2,mixed,1,34.7,58.7,2,22.2,22.2,7,77.8,2618.5,2889.0,0,0,0,10.6,11.0,5.2,2,2,0,0,0.0,0,,,github-corrective-prs,,0,1,unavailable (no GitHub issues — needs Jira),2026-09-04T13:25:01Z
2026-05,2026-05-01,2026-06-01,model,unclassified,Too few changes to classify,9,1,0,2,1,3602.7,3602.7,,,0,0.0,1,0,1,100.0,0.0,0.6,0.6,1,0.6,0.6,1,,,0,0.0,unclassified,0,,,0,0.0,0.0,1,100.0,2904.9,2904.9,0,0,0,127.1,127.1,15.1,1,1,0,0,0.0,0,,,github-corrective-prs,,0,0,unavailable (no GitHub issues — needs Jira),2026-09-04T13:25:02Z
2026-05,2026-05-01,2026-06-01,model,trunk-based,"Trunk-based, no integration branch",6,17,2,0,17,46.2,413.5,,,0,0.0,1,0,1,5.9,70.6,14.9,193.8,17,,,0,14.9,193.8,17,100.0,trunk-based,6,14.9,193.8,17,100.0,100.0,0,0.0,,,0,0,0,,,16.1,1,0,0,1,0.0,0,,,github-corrective-prs,,0,0,unavailable (no GitHub issues — needs Jira),2026-09-04T13:25:02Z
2026-05,2026-05-01,2026-06-01,model,team-branch,Via an integration branch,60,287,7,83,195,15.8,334.2,,,2,5.0,160,8,17,8.7,23.6,2.1,89.3,287,2.3,72.4,237,1.6,305.7,50,17.4,team-branch,0,1.6,370.4,51,17.8,19.9,230,80.1,2714.7,2927.8,6,0,0,30.2,132.2,8.1,81,38,0,43,1.7,5,,,github-corrective-prs,,0,9,unavailable (no GitHub issues — needs Jira),2026-09-04T13:25:02Z
2026-05,2026-05-01,2026-06-01,product,advocate-portal,Advocate Portal,2,7,1,3,4,81.9,2022.9,,,0,33.3,3,1,1,25.0,25.0,0.6,17.5,7,0.5,18.5,6,11.6,11.6,1,14.3,team-branch,0,11.6,11.6,1,14.3,42.9,4,57.1,2855.8,2883.3,2,0,0,68.5,110.1,11.6,2,2,0,0,0.0,0,,,github-corrective-prs,,0,0,unavailable (no GitHub issues — needs Jira),2026-09-04T13:25:01Z
2026-05,2026-05-01,2026-06-01,product,audit-system,Audit System,3,3,0,2,3,504.5,2673.2,,,0,0.0,2,0,1,33.3,0.0,272.8,435.0,3,136.7,231.9,2,504.5,504.5,1,33.3,mixed,1,504.5,504.5,1,33.3,33.3,2,66.7,3015.9,3093.6,0,0,0,170.1,199.6,15.2,3,2,0,1,0.0,0,,,github-corrective-prs,,0,1,unavailable (no GitHub issues — needs Jira),2026-09-04T13:25:01Z
2026-05,2026-05-01,2026-06-01,product,case-document-knowledge-system,Case Document Knowledge,3,13,0,1,12,11.8,113.3,,,2,28.6,7,2,1,8.3,50.0,8.7,39.3,13,13.5,22.3,6,3.2,113.6,7,53.8,mixed,1,9.1,267.9,8,61.5,61.5,5,38.5,2448.4,2627.0,0,0,0,141.0,141.0,2.0,1,1,0,0,0.0,0,,,github-corrective-prs,,0,0,unavailable (no GitHub issues — needs Jira),2026-09-04T13:25:01Z
2026-05,2026-05-01,2026-06-01,product,case-management-system,Case Management System,17,118,4,29,84,25.8,400.2,,,0,4.4,68,3,16,19.0,25.0,3.2,175.2,118,3.2,111.0,94,3.9,397.2,24,20.3,mixed,2,3.9,397.2,24,20.3,22.9,91,77.1,2761.1,3023.3,3,0,0,31.8,139.1,8.1,29,12,0,17,3.4,4,,,github-corrective-prs,,0,3,unavailable (no GitHub issues — needs Jira),2026-09-04T13:25:01Z
2026-05,2026-05-01,2026-06-01,product,cpci,Common Platform Civil Interface (CPCI),1,2,0,0,2,0.3,0.3,,,0,,0,0,0,0.0,0.0,0.3,0.3,2,,,0,0.3,0.3,2,100.0,team-branch,0,0.3,0.3,2,100.0,100.0,0,0.0,,,0,0,0,,,2.8,2,0,0,2,0.0,0,,,github-corrective-prs,,0,0,unavailable (no GitHub issues — needs Jira),2026-09-04T13:25:01Z
2026-05,2026-05-01,2026-06-01,product,cppi,Common Platform Prosecutor Interface (CPPI),1,1,0,0,1,1.0,1.0,,,0,,0,0,1,100.0,0.0,0.8,0.8,1,,,0,0.8,0.8,1,100.0,team-branch,0,0.8,0.8,1,100.0,100.0,0,0.0,,,0,0,0,,,4.3,1,0,0,1,0.0,0,,,github-corrective-prs,,0,0,unavailable (no GitHub issues — needs Jira),2026-09-04T13:25:01Z
2026-05,2026-05-01,2026-06-01,product,cp-user-interface,Common Platform User Interface,1,0,0,0,0,,,,,0,,0,0,0,,,,,0,,,0,,,0,,team-branch,0,,,0,,,0,,,,0,0,0,,,,0,0,0,0,,0,,,github-corrective-prs,,0,0,unavailable (no GitHub issues — needs Jira),2026-09-04T13:25:01Z
2026-05,2026-05-01,2026-06-01,product,document-generation-system,Document Generation System,1,36,0,5,28,16.0,213.7,,,0,7.1,28,2,1,3.6,14.3,1.0,28.0,36,1.0,28.0,36,,,0,0.0,team-branch,0,,,0,0.0,2.8,35,97.2,2691.5,2952.9,1,0,0,109.1,109.1,8.1,1,1,0,0,0.0,0,,,github-corrective-prs,,0,1,unavailable (no GitHub issues — needs Jira),2026-09-04T13:25:01Z
2026-05,2026-05-01,2026-06-01,product,document-ingestion-system,Document Ingestion System,3,9,0,2,8,59.4,468.1,,,0,0.0,4,0,1,12.5,25.0,3.2,85.5,9,80.5,228.8,4,0.5,20.7,5,55.6,team-branch,0,0.5,20.7,5,55.6,55.6,4,44.4,2692.5,2767.7,0,0,0,21.1,21.1,9.8,4,1,0,3,0.0,0,,,github-corrective-prs,,0,1,unavailable (no GitHub issues — needs Jira),2026-09-04T13:25:01Z
2026-05,2026-05-01,2026-06-01,product,file-service-system,File Service,1,0,0,0,0,,,,,0,,0,0,0,,,,,0,,,0,,,0,,unclassified,0,,,0,,,0,,,,0,0,0,,,,0,0,0,0,,0,,,github-corrective-prs,,0,0,unavailable (no GitHub issues — needs Jira),2026-09-04T13:25:01Z
2026-05,2026-05-01,2026-06-01,product,hearing-system,Hearing System,5,26,0,9,24,7.3,230.7,,,0,0.0,19,0,3,12.5,29.2,1.6,12.2,26,1.3,11.7,21,2.1,7.9,5,19.2,team-branch,0,2.1,7.9,5,19.2,19.2,21,80.8,2847.6,2926.7,0,0,0,24.6,78.5,12.4,9,4,0,5,0.0,0,,,github-corrective-prs,,0,1,unavailable (no GitHub issues — needs Jira),2026-09-04T13:25:01Z
2026-05,2026-05-01,2026-06-01,product,id-mapper-system,Id Mapper System,1,0,0,0,0,,,,,0,,0,0,0,,,,,0,,,0,,,0,,team-branch,0,,,0,,,0,,,,0,0,0,,,,0,0,0,0,,0,,,github-corrective-prs,,0,0,unavailable (no GitHub issues — needs Jira),2026-09-04T13:25:01Z
2026-05,2026-05-01,2026-06-01,product,legacy-case-migration-system,Legacy Case Migration System,2,0,0,0,0,,,,,0,,0,0,0,,,,,0,,,0,,,0,,team-branch,0,,,0,,,0,,,,0,0,0,,,,0,0,0,0,,0,,,github-corrective-prs,,0,0,unavailable (no GitHub issues — needs Jira),2026-09-04T13:25:01Z
2026-05,2026-05-01,2026-06-01,product,management-information-system,Management Information System,3,7,1,4,6,426.4,2883.2,,,0,0.0,4,0,1,16.7,16.7,2.1,890.0,7,2.1,1152.0,5,347.8,590.9,2,28.6,team-branch,0,347.8,590.9,2,28.6,28.6,5,71.4,2737.5,3962.1,0,0,0,30.2,94.6,6.2,4,3,0,1,0.0,0,,,github-corrective-prs,,0,1,unavailable (no GitHub issues — needs Jira),2026-09-04T13:25:01Z
2026-05,2026-05-01,2026-06-01,product,notify-system,Notify System,1,2,0,1,2,1801.6,3062.3,,,0,0.0,1,0,1,50.0,0.0,1.7,2.5,2,2.9,2.9,1,0.5,0.5,1,50.0,team-branch,0,0.5,0.5,1,50.0,50.0,1,50.0,2594.1,2594.1,0,0,0,,,4.3,1,0,0,1,0.0,0,,,github-corrective-prs,,0,0,unavailable (no GitHub issues — needs Jira),2026-09-04T13:25:01Z
2026-05,2026-05-01,2026-06-01,product,reference-data-system,Reference Data System,4,14,1,6,15,1.4,158.1,,,0,0.0,11,0,3,20.0,53.3,1.0,72.5,14,2.3,105.8,10,0.5,38.3,4,28.6,mixed,1,0.5,38.3,4,28.6,28.6,10,71.4,2739.1,2861.1,0,0,0,127.1,127.1,4.4,3,1,0,2,0.0,0,,,github-corrective-prs,,0,0,unavailable (no GitHub issues — needs Jira),2026-09-04T13:25:01Z
2026-05,2026-05-01,2026-06-01,product,results-distribution-system,Results Distribution System,7,48,1,17,32,26.7,366.1,,,0,0.0,24,0,6,18.8,12.5,1.7,65.9,48,2.1,45.4,41,1.4,167.4,7,14.6,team-branch,0,1.4,167.4,7,14.6,14.6,41,85.4,2714.4,2904.9,0,0,0,48.3,129.7,15.1,13,6,0,7,2.1,1,,,github-corrective-prs,,0,0,unavailable (no GitHub issues — needs Jira),2026-09-04T13:25:01Z
2026-05,2026-05-01,2026-06-01,product,scheduling-system,Scheduling System,1,1,0,1,1,3602.7,3602.7,,,0,0.0,1,0,1,100.0,0.0,2.1,2.1,1,2.1,2.1,1,,,0,0.0,team-branch,0,,,0,0.0,0.0,1,100.0,2594.1,2594.1,0,0,0,,,,0,0,0,0,0.0,0,,,github-corrective-prs,,0,0,unavailable (no GitHub issues — needs Jira),2026-09-04T13:25:01Z
2026-05,2026-05-01,2026-06-01,product,scheduling-and-listing-system,Scheduling and Listing System,7,9,0,1,6,37.2,178.0,,,0,0.0,4,0,0,0.0,50.0,29.0,115.6,9,29.0,139.2,7,34.7,58.7,2,22.2,mixed,1,34.7,58.7,2,22.2,22.2,7,77.8,2618.5,2889.0,0,0,0,10.6,11.0,5.2,2,2,0,0,0.0,0,,,github-corrective-prs,,0,1,unavailable (no GitHub issues — needs Jira),2026-09-04T13:25:01Z
2026-05,2026-05-01,2026-06-01,product,spi,Standard Prosecutor Interface (SPI),1,1,0,1,1,3602.7,3602.7,,,0,0.0,1,0,1,100.0,0.0,2.1,2.1,1,2.1,2.1,1,,,0,0.0,team-branch,0,,,0,0.0,0.0,1,100.0,2594.1,2594.1,0,0,0,,,,0,0,0,0,0.0,0,,,github-corrective-prs,,0,0,unavailable (no GitHub issues — needs Jira),2026-09-04T13:25:01Z
2026-05,2026-05-01,2026-06-01,product,support-system,Support System,1,1,0,1,1,3602.7,3602.7,,,0,0.0,1,0,1,100.0,0.0,2.8,2.8,1,2.8,2.8,1,,,0,0.0,team-branch,0,,,0,0.0,0.0,1,100.0,2594.1,2594.1,0,0,0,,,,0,0,0,0,0.0,0,,,github-corrective-prs,,0,0,unavailable (no GitHub issues — needs Jira),2026-09-04T13:25:01Z
2026-05,2026-05-01,2026-06-01,product,ssystem-announcement-system,System Announcement System,1,0,0,0,0,,,,,0,,0,0,0,,,,,0,,,0,,,0,,team-branch,0,,,0,,,0,,,,0,0,0,,,,0,0,0,0,,0,,,github-corrective-prs,,0,0,unavailable (no GitHub issues — needs Jira),2026-09-04T13:25:01Z
2026-05,2026-05-01,2026-06-01,product,ui-notification-system,UI Notification System,1,2,1,1,2,1906.2,3093.7,,,0,0.0,1,0,1,50.0,0.0,106.3,178.7,2,2.9,2.9,1,209.7,209.7,1,50.0,team-branch,0,209.7,209.7,1,50.0,50.0,1,50.0,2594.1,2594.1,0,0,0,24.1,24.1,15.4,1,1,0,0,0.0,0,,,github-corrective-prs,,0,0,unavailable (no GitHub issues — needs Jira),2026-09-04T13:25:01Z
2026-05,2026-05-01,2026-06-01,product,users-and-groups-system,Users and Groups System,4,3,0,1,3,695.6,2730.6,,,0,0.0,1,0,1,33.3,33.3,2.1,487.6,3,2.1,2.1,1,348.3,591.4,2,66.7,team-branch,0,348.3,591.4,2,66.7,66.7,1,33.3,2594.1,2594.1,0,0,0,19.5,27.0,4.3,3,2,0,1,0.0,0,,,github-corrective-prs,,0,0,unavailable (no GitHub issues — needs Jira),2026-09-04T13:25:01Z
2026-05,2026-05-01,2026-06-01,product,work-management-system,Work Management System,3,2,0,0,1,3.9,3.9,,,0,,0,0,1,100.0,0.0,1.0,1.6,2,,,0,1.0,1.6,2,100.0,team-branch,0,1.0,1.6,2,100.0,100.0,0,0.0,,,0,0,0,9.1,9.1,6.3,4,1,0,3,0.0,0,,,github-corrective-prs,,0,0,unavailable (no GitHub issues — needs Jira),2026-09-04T13:25:01Z
2026-05,2026-05-01,2026-06-01,repo,cp-ai-rag-service,cp-ai-rag-service,1,6,0,0,6,9.1,376.1,,,0,0.0,1,0,1,16.7,50.0,2.1,80.4,6,,,0,2.1,80.4,6,100.0,trunk-based,1,2.1,80.4,6,100.0,100.0,0,0.0,,,0,0,0,,,,0,0,0,0,0.0,0,,,github-corrective-prs,,0,0,unavailable (no GitHub issues — needs Jira),2026-09-04T13:25:01Z
2026-05,2026-05-01,2026-06-01,repo,cp-audit-reports-service-v2,cp-audit-reports-service-v2,1,1,0,0,1,504.5,504.5,,,0,,0,0,0,0.0,0.0,504.5,504.5,1,,,0,504.5,504.5,1,100.0,trunk-based,1,504.5,504.5,1,100.0,100.0,0,0.0,,,0,0,0,,,16.1,1,0,0,1,0.0,0,,,github-corrective-prs,,0,0,unavailable (no GitHub issues — needs Jira),2026-09-04T13:25:01Z
2026-05,2026-05-01,2026-06-01,repo,cp-case-document-knowledge-service,cp-case-document-knowledge-service,1,6,0,0,5,21.3,284.5,,,0,0.0,5,0,1,20.0,60.0,19.8,42.8,6,18.3,22.9,5,95.5,95.5,1,16.7,team-branch,0,95.5,95.5,1,16.7,16.7,5,83.3,2448.4,2627.0,0,0,0,,,,0,0,0,0,0.0,0,,,github-corrective-prs,,0,0,unavailable (no GitHub issues — needs Jira),2026-09-04T13:25:01Z
2026-05,2026-05-01,2026-06-01,repo,cp-court-list-publishing-service,cp-court-list-publishing-service,1,7,0,1,4,63.4,246.0,,,0,0.0,4,0,0,0.0,25.0,29.0,139.2,7,29.0,139.2,7,,,0,0.0,team-branch,0,,,0,0.0,0.0,7,100.0,2618.5,2889.0,0,0,0,10.6,11.0,5.2,2,2,0,0,0.0,0,,,github-corrective-prs,,0,1,unavailable (no GitHub issues — needs Jira),2026-09-04T13:25:01Z
2026-05,2026-05-01,2026-06-01,repo,cp-file-service,cp-file-service,1,0,0,0,0,,,,,0,,0,0,0,,,,,0,,,0,,,0,,unclassified,0,,,0,,,0,,,,0,0,0,,,,0,0,0,0,,0,,,github-corrective-prs,,0,0,unavailable (no GitHub issues — needs Jira),2026-09-04T13:25:01Z
2026-05,2026-05-01,2026-06-01,repo,cpp-context-applications-courtorders,cpp-context-applications-courtorders,1,2,0,0,2,192.7,326.9,,,0,,0,0,2,100.0,0.0,0.6,0.8,2,,,0,0.6,0.8,2,100.0,team-branch,0,0.6,0.8,2,100.0,100.0,0,0.0,,,0,0,0,,,9.8,2,0,0,2,0.0,0,,,github-corrective-prs,,0,0,unavailable (no GitHub issues — needs Jira),2026-09-04T13:25:01Z
2026-05,2026-05-01,2026-06-01,repo,cpp-context-archiving,cpp-context-archiving,1,3,0,2,2,1803.3,3062.9,,,0,0.0,1,0,2,100.0,0.0,0.6,49.0,3,35.2,59.4,2,0.4,0.4,1,33.3,team-branch,0,0.4,0.4,1,33.3,33.3,2,66.7,2881.1,2897.8,0,0,0,128.0,128.0,9.7,2,1,0,1,0.0,0,,,github-corrective-prs,,0,0,unavailable (no GitHub issues — needs Jira),2026-09-04T13:25:01Z
2026-05,2026-05-01,2026-06-01,repo,cpp-context-audit2dls,cpp-context-audit2dls,1,1,0,2,1,3602.7,3602.7,,,0,0.0,1,0,1,100.0,0.0,0.6,0.6,1,0.6,0.6,1,,,0,0.0,team-branch,0,,,0,0.0,0.0,1,100.0,2905.0,2905.0,0,0,0,128.0,128.0,15.2,1,1,0,0,0.0,0,,,github-corrective-prs,,0,0,unavailable (no GitHub issues — needs Jira),2026-09-04T13:25:01Z
2026-05,2026-05-01,2026-06-01,repo,cpp-context-azure-legalaidagency,cpp-context-azure-legalaidagency,1,3,0,5,5,142.9,387.4,,,0,0.0,1,0,1,20.0,0.0,142.9,314.1,3,1.1,1.1,1,265.2,350.7,2,66.7,team-branch,0,265.2,350.7,2,66.7,66.7,1,33.3,2353.5,2353.5,0,0,0,31.3,55.0,15.2,4,3,0,1,0.0,0,,,github-corrective-prs,,0,0,unavailable (no GitHub issues — needs Jira),2026-09-04T13:25:01Z
2026-05,2026-05-01,2026-06-01,repo,cpp-context-boxworkmanagement,cpp-context-boxworkmanagement,1,0,0,0,0,,,,,0,,0,0,0,,,,,0,,,0,,,0,,team-branch,0,,,0,,,0,,,,0,0,0,9.1,9.1,8.1,1,1,0,0,,0,,,github-corrective-prs,,0,0,unavailable (no GitHub issues — needs Jira),2026-09-04T13:25:01Z
2026-05,2026-05-01,2026-06-01,repo,cpp-context-businessprocesses,cpp-context-businessprocesses,1,1,0,0,1,3.9,3.9,,,0,,0,0,1,100.0,0.0,0.3,0.3,1,,,0,0.3,0.3,1,100.0,team-branch,0,0.3,0.3,1,100.0,100.0,0,0.0,,,0,0,0,9.1,9.1,6.3,2,1,0,1,0.0,0,,,github-corrective-prs,,0,0,unavailable (no GitHub issues — needs Jira),2026-09-04T13:25:01Z
2026-05,2026-05-01,2026-06-01,repo,cpp-context-correspondence,cpp-context-correspondence,1,3,0,2,2,1802.8,3062.7,,,0,0.0,1,0,1,50.0,0.0,0.6,2.2,3,0.4,0.5,2,2.9,2.9,1,33.3,team-branch,0,2.9,2.9,1,33.3,33.3,2,66.7,2881.0,2897.8,0,0,0,127.9,127.9,9.7,2,1,0,1,0.0,0,,,github-corrective-prs,,0,0,unavailable (no GitHub issues — needs Jira),2026-09-04T13:25:01Z
2026-05,2026-05-01,2026-06-01,repo,cpp-context-defence,cpp-context-defence,1,5,1,3,3,92.1,2549.5,,,0,0.0,2,0,1,33.3,33.3,0.6,35.3,5,0.5,39.3,4,11.6,11.6,1,20.0,team-branch,0,11.6,11.6,1,20.0,20.0,4,80.0,2855.8,2883.3,0,0,0,68.5,110.1,11.6,2,2,0,0,0.0,0,,,github-corrective-prs,,0,0,unavailable (no GitHub issues — needs Jira),2026-09-04T13:25:01Z
2026-05,2026-05-01,2026-06-01,repo,cpp-context-hearing,cpp-context-hearing,1,23,0,7,22,10.6,238.9,,,0,0.0,18,0,3,13.6,31.8,2.0,13.1,23,2.0,15.2,19,2.3,9.3,4,17.4,team-branch,0,2.3,9.3,4,17.4,17.4,19,82.6,2800.9,2926.5,0,0,0,24.1,24.8,12.4,7,3,0,4,0.0,0,,,github-corrective-prs,,0,1,unavailable (no GitHub issues — needs Jira),2026-09-04T13:25:01Z
2026-05,2026-05-01,2026-06-01,repo,cpp-context-hearing-nows,cpp-context-hearing-nows,1,4,1,2,3,30.0,75.5,,,0,0.0,3,0,2,66.7,0.0,1.2,53.0,4,1.2,53.0,4,,,0,0.0,team-branch,0,,,0,0.0,0.0,4,100.0,2521.5,2871.6,0,0,0,,,15.4,1,0,0,1,0.0,0,,,github-corrective-prs,,0,0,unavailable (no GitHub issues — needs Jira),2026-09-04T13:25:01Z
2026-05,2026-05-01,2026-06-01,repo,cpp-context-idam-events-consumer,cpp-context-idam-events-consumer,1,0,0,0,0,,,,,0,,0,0,0,,,,,0,,,0,,,0,,unclassified,0,,,0,,,0,,,,0,0,0,,,,0,0,0,0,,0,,,github-corrective-prs,,0,0,unavailable (no GitHub issues — needs Jira),2026-09-04T13:25:01Z
2026-05,2026-05-01,2026-06-01,repo,cpp-context-listing,cpp-context-listing,1,0,0,0,0,,,,,0,,0,0,0,,,,,0,,,0,,,0,,team-branch,0,,,0,,,0,,,,0,0,0,,,,0,0,0,0,,0,,,github-corrective-prs,,0,0,unavailable (no GitHub issues — needs Jira),2026-09-04T13:25:01Z
2026-05,2026-05-01,2026-06-01,repo,cpp-context-listing-courtscheduler,cpp-context-listing-courtscheduler,1,0,0,0,0,,,,,0,,0,0,0,,,,,0,,,0,,,0,,team-branch,0,,,0,,,0,,,,0,0,0,,,,0,0,0,0,,0,,,github-corrective-prs,,0,0,unavailable (no GitHub issues — needs Jira),2026-09-04T13:25:01Z
2026-05,2026-05-01,2026-06-01,repo,cpp-context-material,cpp-context-material,1,7,0,1,4,691.2,2293.9,,,0,0.0,2,0,1,25.0,50.0,9.3,109.1,7,2.7,7.4,3,28.0,401.7,4,57.1,team-branch,0,28.0,401.7,4,57.1,57.1,3,42.9,3023.2,3033.7,0,0,0,18.5,26.7,3.1,2,2,0,0,14.3,1,,,github-corrective-prs,,0,0,unavailable (no GitHub issues — needs Jira),2026-09-04T13:25:01Z
2026-05,2026-05-01,2026-06-01,repo,cpp-context-material-id-mapper,cpp-context-material-id-mapper,1,0,0,0,0,,,,,0,,0,0,0,,,,,0,,,0,,,0,,unclassified,0,,,0,,,0,,,,0,0,0,,,,0,0,0,0,,0,,,github-corrective-prs,,0,0,unavailable (no GitHub issues — needs Jira),2026-09-04T13:25:01Z
2026-05,2026-05-01,2026-06-01,repo,cpp-context-mi-reportdata,cpp-context-mi-reportdata,1,6,1,2,6,426.4,2883.2,,,0,0.0,4,0,1,16.7,16.7,79.9,1182.2,6,79.9,1524.8,4,347.8,590.9,2,33.3,team-branch,0,347.8,590.9,2,33.3,33.3,4,66.7,2665.8,4283.3,0,0,0,19.5,27.0,4.4,3,2,0,1,0.0,0,,,github-corrective-prs,,0,1,unavailable (no GitHub issues — needs Jira),2026-09-04T13:25:01Z
2026-05,2026-05-01,2026-06-01,repo,cpp-context-mi-systemdata,cpp-context-mi-systemdata,1,1,0,2,1,3602.7,3602.7,,,0,0.0,1,0,1,100.0,0.0,0.6,0.6,1,0.6,0.6,1,,,0,0.0,team-branch,0,,,0,0.0,0.0,1,100.0,2904.9,2904.9,0,0,0,122.2,122.2,15.1,1,1,0,0,0.0,0,,,github-corrective-prs,,0,0,unavailable (no GitHub issues — needs Jira),2026-09-04T13:25:01Z
2026-05,2026-05-01,2026-06-01,repo,cpp-context-notification,cpp-context-notification,1,2,1,1,2,1906.2,3093.7,,,0,0.0,1,0,1,50.0,0.0,106.3,178.7,2,2.9,2.9,1,209.7,209.7,1,50.0,team-branch,0,209.7,209.7,1,50.0,50.0,1,50.0,2594.1,2594.1,0,0,0,24.1,24.1,15.4,1,1,0,0,0.0,0,,,github-corrective-prs,,0,0,unavailable (no GitHub issues — needs Jira),2026-09-04T13:25:01Z
2026-05,2026-05-01,2026-06-01,repo,cpp-context-notification-notify,cpp-context-notification-notify,1,2,0,1,2,1801.6,3062.3,,,0,0.0,1,0,1,50.0,0.0,1.7,2.5,2,2.9,2.9,1,0.5,0.5,1,50.0,team-branch,0,0.5,0.5,1,50.0,50.0,1,50.0,2594.1,2594.1,0,0,0,,,4.3,1,0,0,1,0.0,0,,,github-corrective-prs,,0,0,unavailable (no GitHub issues — needs Jira),2026-09-04T13:25:01Z
2026-05,2026-05-01,2026-06-01,repo,cpp-context-progression,cpp-context-progression,1,50,0,9,36,69.7,373.7,,,0,0.0,35,0,8,22.2,19.4,4.1,228.0,50,3.7,150.0,47,357.3,2364.1,3,6.0,team-branch,0,357.3,2364.1,3,6.0,6.0,47,94.0,2732.1,3021.6,0,0,0,86.2,125.5,15.2,5,2,0,3,4.0,2,,,github-corrective-prs,,0,3,unavailable (no GitHub issues — needs Jira),2026-09-04T13:25:01Z
2026-05,2026-05-01,2026-06-01,repo,cpp-context-prosecution-casefile,cpp-context-prosecution-casefile,1,13,0,5,8,464.5,662.1,,,0,0.0,8,0,3,37.5,50.0,1.2,123.4,13,0.9,187.0,12,1.7,1.7,1,7.7,team-branch,0,1.7,1.7,1,7.7,7.7,12,92.3,2784.2,3117.5,0,0,0,144.8,150.0,7.4,3,2,0,1,0.0,0,,,github-corrective-prs,,0,0,unavailable (no GitHub issues — needs Jira),2026-09-04T13:25:01Z
2026-05,2026-05-01,2026-06-01,repo,cpp-context-prosecution-casefile-dlrm,cpp-context-prosecution-casefile-dlrm,1,0,0,0,0,,,,,0,,0,0,0,,,,,0,,,0,,,0,,team-branch,0,,,0,,,0,,,,0,0,0,,,,0,0,0,0,,0,,,github-corrective-prs,,0,0,unavailable (no GitHub issues — needs Jira),2026-09-04T13:25:01Z
2026-05,2026-05-01,2026-06-01,repo,cpp-context-prosecution-documentqueue,cpp-context-prosecution-documentqueue,1,4,0,1,4,37.6,221.1,,,0,0.0,2,0,0,0.0,25.0,37.6,221.1,4,207.6,302.5,2,1.9,2.8,2,50.0,team-branch,0,1.9,2.8,2,50.0,50.0,2,50.0,2692.5,2692.5,0,0,0,,,8.3,2,0,0,2,0.0,0,,,github-corrective-prs,,0,0,unavailable (no GitHub issues — needs Jira),2026-09-04T13:25:01Z
2026-05,2026-05-01,2026-06-01,repo,cpp-context-reference-data,cpp-context-reference-data,1,7,1,3,8,1.0,153.7,,,0,0.0,7,0,1,12.5,50.0,1.4,55.7,7,2.3,73.0,6,0.7,0.7,1,14.3,team-branch,0,0.7,0.7,1,14.3,14.3,6,85.7,2510.5,2779.7,0,0,0,,,4.4,1,0,0,1,0.0,0,,,github-corrective-prs,,0,0,unavailable (no GitHub issues — needs Jira),2026-09-04T13:25:01Z
2026-05,2026-05-01,2026-06-01,repo,cpp-context-referencedata-offences,cpp-context-referencedata-offences,1,4,0,1,5,23.6,306.3,,,0,0.0,4,0,2,40.0,40.0,11.9,87.0,4,23.6,104.3,3,0.3,0.3,1,25.0,team-branch,0,0.3,0.3,1,25.0,25.0,3,75.0,2762.0,2877.2,0,0,0,,,4.3,1,0,0,1,0.0,0,,,github-corrective-prs,,0,0,unavailable (no GitHub issues — needs Jira),2026-09-04T13:25:01Z
2026-05,2026-05-01,2026-06-01,repo,cpp-context-resulting,cpp-context-resulting,1,2,0,2,2,1802.4,3062.6,,,0,0.0,1,0,1,50.0,0.0,1.4,1.9,2,0.6,0.6,1,2.1,2.1,1,50.0,team-branch,0,2.1,2.1,1,50.0,50.0,1,50.0,2904.9,2904.9,0,0,0,122.2,122.2,9.6,2,1,0,1,0.0,0,,,github-corrective-prs,,0,0,unavailable (no GitHub issues — needs Jira),2026-09-04T13:25:01Z
2026-05,2026-05-01,2026-06-01,repo,cpp-context-results,cpp-context-results,1,3,0,4,3,5.6,2523.6,,,0,0.0,3,0,1,33.3,33.3,1.2,4.3,3,1.2,4.3,3,,,0,0.0,team-branch,0,,,0,0.0,0.0,3,100.0,2714.9,2847.9,0,0,0,137.2,147.7,11.3,2,2,0,0,0.0,0,,,github-corrective-prs,,0,0,unavailable (no GitHub issues — needs Jira),2026-09-04T13:25:01Z
2026-05,2026-05-01,2026-06-01,repo,cpp-context-sjp,cpp-context-sjp,1,8,0,4,7,5.0,967.1,,,0,0.0,5,0,3,42.9,14.3,3.5,389.4,8,5.0,1398.4,5,1.6,286.4,3,37.5,team-branch,0,1.6,286.4,3,37.5,37.5,5,62.5,2859.9,4147.8,0,0,0,20.6,28.8,8.2,5,2,0,3,0.0,0,,,github-corrective-prs,,0,0,unavailable (no GitHub issues — needs Jira),2026-09-04T13:25:01Z
2026-05,2026-05-01,2026-06-01,repo,cpp-context-staging,cpp-context-staging,1,1,0,1,1,3602.7,3602.7,,,0,0.0,1,0,1,100.0,0.0,2.1,2.1,1,2.1,2.1,1,,,0,0.0,team-branch,0,,,0,0.0,0.0,1,100.0,2594.1,2594.1,0,0,0,,,,0,0,0,0,0.0,0,,,github-corrective-prs,,0,0,unavailable (no GitHub issues — needs Jira),2026-09-04T13:25:01Z
2026-05,2026-05-01,2026-06-01,repo,cpp-context-staging-bulkscan,cpp-context-staging-bulkscan,1,5,0,1,4,260.7,2195.1,,,0,0.0,2,0,1,25.0,25.0,2.9,63.7,5,45.9,76.0,2,0.4,32.9,3,60.0,team-branch,0,0.4,32.9,3,60.0,60.0,2,40.0,2711.7,2794.0,0,0,0,21.1,21.1,10.9,2,1,0,1,0.0,0,,,github-corrective-prs,,0,1,unavailable (no GitHub issues — needs Jira),2026-09-04T13:25:01Z
2026-05,2026-05-01,2026-06-01,repo,cpp-context-staging-darts,cpp-context-staging-darts,1,1,0,0,1,0.2,0.2,,,0,0.0,1,0,0,0.0,0.0,0.2,0.2,1,0.2,0.2,1,,,0,0.0,team-branch,0,,,0,0.0,0.0,1,100.0,3029.0,3029.0,0,0,0,,,,0,0,0,0,0.0,0,,,github-corrective-prs,,0,0,unavailable (no GitHub issues — needs Jira),2026-09-04T13:25:01Z
2026-05,2026-05-01,2026-06-01,repo,cpp-context-staging-dcs,cpp-context-staging-dcs,1,1,0,0,1,3.9,3.9,,,0,,0,0,1,100.0,0.0,1.0,1.0,1,,,0,1.0,1.0,1,100.0,team-branch,0,1.0,1.0,1,100.0,100.0,0,0.0,,,0,0,0,,,4.1,1,0,0,1,0.0,0,,,github-corrective-prs,,0,0,unavailable (no GitHub issues — needs Jira),2026-09-04T13:25:01Z
2026-05,2026-05-01,2026-06-01,repo,cpp-context-staging-dvla,cpp-context-staging-dvla,1,29,0,2,14,34.5,334.4,,,0,0.0,13,0,1,7.1,0.0,2.1,41.8,29,2.3,47.6,27,1.0,1.5,2,6.9,team-branch,0,1.0,1.5,2,6.9,6.9,27,93.1,2714.4,2860.0,0,0,0,,,3.2,2,0,0,2,3.4,1,,,github-corrective-prs,,0,0,unavailable (no GitHub issues — needs Jira),2026-09-04T13:25:01Z
2026-05,2026-05-01,2026-06-01,repo,cpp-context-staging-enforcement,cpp-context-staging-enforcement,1,7,0,3,6,0.9,1116.7,,,0,0.0,5,0,1,16.7,50.0,1.0,31.5,7,1.7,74.2,6,0.3,0.3,1,14.3,team-branch,0,0.3,0.3,1,14.3,14.3,6,85.7,2894.8,3041.4,0,0,0,29.4,29.4,9.9,2,1,0,1,0.0,0,,,github-corrective-prs,,0,0,unavailable (no GitHub issues — needs Jira),2026-09-04T13:25:01Z
2026-05,2026-05-01,2026-06-01,repo,cpp-context-staging-pnld-offences,cpp-context-staging-pnld-offences,1,1,0,2,1,3602.7,3602.7,,,0,0.0,1,0,1,100.0,0.0,0.6,0.6,1,0.6,0.6,1,,,0,0.0,unclassified,0,,,0,0.0,0.0,1,100.0,2904.9,2904.9,0,0,0,127.1,127.1,15.1,1,1,0,0,0.0,0,,,github-corrective-prs,,0,0,unavailable (no GitHub issues — needs Jira),2026-09-04T13:25:01Z
2026-05,2026-05-01,2026-06-01,repo,cpp-context-staging-prosecutors,cpp-context-staging-prosecutors,1,1,0,0,1,1.0,1.0,,,0,,0,0,1,100.0,0.0,0.8,0.8,1,,,0,0.8,0.8,1,100.0,team-branch,0,0.8,0.8,1,100.0,100.0,0,0.0,,,0,0,0,,,4.3,1,0,0,1,0.0,0,,,github-corrective-prs,,0,0,unavailable (no GitHub issues — needs Jira),2026-09-04T13:25:01Z
2026-05,2026-05-01,2026-06-01,repo,cpp-context-staging-prosecutors-civil,cpp-context-staging-prosecutors-civil,1,2,0,0,2,0.3,0.3,,,0,,0,0,0,0.0,0.0,0.3,0.3,2,,,0,0.3,0.3,2,100.0,team-branch,0,0.3,0.3,2,100.0,100.0,0,0.0,,,0,0,0,,,2.8,2,0,0,2,0.0,0,,,github-corrective-prs,,0,0,unavailable (no GitHub issues — needs Jira),2026-09-04T13:25:01Z
2026-05,2026-05-01,2026-06-01,repo,cpp-context-staging-prosecutors-spi,cpp-context-staging-prosecutors-spi,1,1,0,1,1,3602.7,3602.7,,,0,0.0,1,0,1,100.0,0.0,2.1,2.1,1,2.1,2.1,1,,,0,0.0,team-branch,0,,,0,0.0,0.0,1,100.0,2594.1,2594.1,0,0,0,,,,0,0,0,0,0.0,0,,,github-corrective-prs,,0,0,unavailable (no GitHub issues — needs Jira),2026-09-04T13:25:01Z
2026-05,2026-05-01,2026-06-01,repo,cpp-context-staging-pubhub,cpp-context-staging-pubhub,1,0,0,0,0,,,,,0,,0,0,0,,,,,0,,,0,,,0,,unclassified,0,,,0,,,0,,,,0,0,0,,,,0,0,0,0,,0,,,github-corrective-prs,,0,0,unavailable (no GitHub issues — needs Jira),2026-09-04T13:25:01Z
2026-05,2026-05-01,2026-06-01,repo,cpp-context-stagingdlrm,cpp-context-stagingdlrm,1,0,0,0,0,,,,,0,,0,0,0,,,,,0,,,0,,,0,,team-branch,0,,,0,,,0,,,,0,0,0,,,,0,0,0,0,,0,,,github-corrective-prs,,0,0,unavailable (no GitHub issues — needs Jira),2026-09-04T13:25:01Z
2026-05,2026-05-01,2026-06-01,repo,cpp-context-subscriptions,cpp-context-subscriptions,1,2,0,1,2,192.9,327.0,,,0,,0,0,1,50.0,0.0,1.1,1.3,2,,,0,1.1,1.3,2,100.0,team-branch,0,1.1,1.3,2,100.0,100.0,0,0.0,,,0,0,0,,,9.7,2,0,0,2,0.0,0,,,github-corrective-prs,,0,0,unavailable (no GitHub issues — needs Jira),2026-09-04T13:25:01Z
2026-05,2026-05-01,2026-06-01,repo,cpp-context-support,cpp-context-support,1,1,0,1,1,3602.7,3602.7,,,0,0.0,1,0,1,100.0,0.0,2.8,2.8,1,2.8,2.8,1,,,0,0.0,team-branch,0,,,0,0.0,0.0,1,100.0,2594.1,2594.1,0,0,0,,,,0,0,0,0,0.0,0,,,github-corrective-prs,,0,0,unavailable (no GitHub issues — needs Jira),2026-09-04T13:25:01Z
2026-05,2026-05-01,2026-06-01,repo,cpp-context-system-announcement,cpp-context-system-announcement,1,0,0,0,0,,,,,0,,0,0,0,,,,,0,,,0,,,0,,team-branch,0,,,0,,,0,,,,0,0,0,,,,0,0,0,0,,0,,,github-corrective-prs,,0,0,unavailable (no GitHub issues — needs Jira),2026-09-04T13:25:01Z
2026-05,2026-05-01,2026-06-01,repo,cpp-context-system-doc-generator,cpp-context-system-doc-generator,1,36,0,5,28,16.0,213.7,,,0,7.1,28,2,1,3.6,14.3,1.0,28.0,36,1.0,28.0,36,,,0,0.0,team-branch,0,,,0,0.0,2.8,35,97.2,2691.5,2952.9,1,0,0,109.1,109.1,8.1,1,1,0,0,0.0,0,,,github-corrective-prs,,0,1,unavailable (no GitHub issues — needs Jira),2026-09-04T13:25:01Z
2026-05,2026-05-01,2026-06-01,repo,cpp-context-system-id-mapper,cpp-context-system-id-mapper,1,0,0,0,0,,,,,0,,0,0,0,,,,,0,,,0,,,0,,team-branch,0,,,0,,,0,,,,0,0,0,,,,0,0,0,0,,0,,,github-corrective-prs,,0,0,unavailable (no GitHub issues — needs Jira),2026-09-04T13:25:01Z
2026-05,2026-05-01,2026-06-01,repo,cpp-context-system-scheduling,cpp-context-system-scheduling,1,1,0,1,1,3602.7,3602.7,,,0,0.0,1,0,1,100.0,0.0,2.1,2.1,1,2.1,2.1,1,,,0,0.0,team-branch,0,,,0,0.0,0.0,1,100.0,2594.1,2594.1,0,0,0,,,,0,0,0,0,0.0,0,,,github-corrective-prs,,0,0,unavailable (no GitHub issues — needs Jira),2026-09-04T13:25:01Z
2026-05,2026-05-01,2026-06-01,repo,cpp-context-unifiedsearch-query,cpp-context-unifiedsearch-query,1,1,0,0,2,385.9,387.0,,,0,,0,0,2,100.0,0.0,383.4,383.4,1,,,0,383.4,383.4,1,100.0,team-branch,0,383.4,383.4,1,100.0,100.0,0,0.0,,,0,0,0,31.3,31.3,15.3,1,1,0,0,0.0,0,,,github-corrective-prs,,0,0,unavailable (no GitHub issues — needs Jira),2026-09-04T13:25:01Z
2026-05,2026-05-01,2026-06-01,repo,cpp-context-users-groups,cpp-context-users-groups,1,2,0,0,2,348.3,591.4,,,0,,0,0,0,0.0,50.0,348.3,591.4,2,,,0,348.3,591.4,2,100.0,team-branch,0,348.3,591.4,2,100.0,100.0,0,0.0,,,0,0,0,19.5,27.0,4.3,3,2,0,1,0.0,0,,,github-corrective-prs,,0,0,unavailable (no GitHub issues — needs Jira),2026-09-04T13:25:01Z
2026-05,2026-05-01,2026-06-01,repo,cpp-context-work-management-proxy,cpp-context-work-management-proxy,1,1,0,0,1,3.9,3.9,,,0,,0,0,1,100.0,0.0,1.8,1.8,1,,,0,1.8,1.8,1,100.0,team-branch,0,1.8,1.8,1,100.0,100.0,0,0.0,,,0,0,0,,,6.6,2,0,0,2,0.0,0,,,github-corrective-prs,,0,0,unavailable (no GitHub issues — needs Jira),2026-09-04T13:25:01Z
2026-05,2026-05-01,2026-06-01,repo,cpp-ui-ai-intelligence,cpp-ui-ai-intelligence,1,1,0,1,2,8.7,8.7,,,2,100.0,2,2,0,0.0,0.0,8.7,8.7,1,8.7,8.7,1,,,0,0.0,team-branch,0,1163.1,1163.1,1,100.0,100.0,0,0.0,,,0,0,0,141.0,141.0,2.0,1,1,0,0,0.0,0,,,github-corrective-prs,,0,0,unavailable (no GitHub issues — needs Jira),2026-09-04T13:25:01Z
2026-05,2026-05-01,2026-06-01,repo,cpp-ui-audit-reports,cpp-ui-audit-reports,1,1,0,0,1,272.8,272.8,,,0,0.0,1,0,0,0.0,0.0,272.8,272.8,1,272.8,272.8,1,,,0,0.0,team-branch,0,,,0,0.0,0.0,1,100.0,3126.9,3126.9,0,0,0,212.2,212.2,12.3,1,1,0,0,0.0,0,,,github-corrective-prs,,0,1,unavailable (no GitHub issues — needs Jira),2026-09-04T13:25:01Z
2026-05,2026-05-01,2026-06-01,repo,cpp-ui-bulkscan,cpp-ui-bulkscan,1,0,0,0,0,,,,,0,,0,0,0,,,,,0,,,0,,,0,,unclassified,0,,,0,,,0,,,,0,0,0,,,,0,0,0,0,,0,,,github-corrective-prs,,0,0,unavailable (no GitHub issues — needs Jira),2026-09-04T13:25:01Z
2026-05,2026-05-01,2026-06-01,repo,cpp-ui-case-management,cpp-ui-case-management,1,0,0,0,0,,,,,0,,0,0,0,,,,,0,,,0,,,0,,team-branch,0,,,0,,,0,,,,0,0,0,,,,0,0,0,0,,0,,,github-corrective-prs,,0,0,unavailable (no GitHub issues — needs Jira),2026-09-04T13:25:01Z
2026-05,2026-05-01,2026-06-01,repo,cpp-ui-courtscheduler,cpp-ui-courtscheduler,1,0,0,0,0,,,,,0,,0,0,0,,,,,0,,,0,,,0,,unclassified,0,,,0,,,0,,,,0,0,0,,,,0,0,0,0,,0,,,github-corrective-prs,,0,0,unavailable (no GitHub issues — needs Jira),2026-09-04T13:25:01Z
2026-05,2026-05-01,2026-06-01,repo,cpp-ui-defence,cpp-ui-defence,1,2,0,0,1,71.6,71.6,,,0,100.0,1,1,0,0.0,0.0,0.7,0.9,2,0.7,0.9,2,,,0,0.0,team-branch,0,,,0,0.0,100.0,0,0.0,,,2,0,0,,,,0,0,0,0,0.0,0,,,github-corrective-prs,,0,0,unavailable (no GitHub issues — needs Jira),2026-09-04T13:25:01Z
2026-05,2026-05-01,2026-06-01,repo,cpp-ui-external-services,cpp-ui-external-services,1,0,0,0,0,,,,,0,,0,0,0,,,,,0,,,0,,,0,,unclassified,0,,,0,,,0,,,,0,0,0,,,,0,0,0,0,,0,,,github-corrective-prs,,0,0,unavailable (no GitHub issues — needs Jira),2026-09-04T13:25:01Z
2026-05,2026-05-01,2026-06-01,repo,cpp-ui-hearing,cpp-ui-hearing,1,0,0,0,0,,,,,0,,0,0,0,,,,,0,,,0,,,0,,team-branch,0,,,0,,,0,,,,0,0,0,,,,0,0,0,0,,0,,,github-corrective-prs,,0,0,unavailable (no GitHub issues — needs Jira),2026-09-04T13:25:01Z
2026-05,2026-05-01,2026-06-01,repo,cpp-ui-home,cpp-ui-home,1,0,0,0,0,,,,,0,,0,0,0,,,,,0,,,0,,,0,,team-branch,0,,,0,,,0,,,,0,0,0,,,,0,0,0,0,,0,,,github-corrective-prs,,0,0,unavailable (no GitHub issues — needs Jira),2026-09-04T13:25:01Z
2026-05,2026-05-01,2026-06-01,repo,cpp-ui-listing,cpp-ui-listing,1,0,0,0,0,,,,,0,,0,0,0,,,,,0,,,0,,,0,,team-branch,0,,,0,,,0,,,,0,0,0,,,,0,0,0,0,,0,,,github-corrective-prs,,0,0,unavailable (no GitHub issues — needs Jira),2026-09-04T13:25:01Z
2026-05,2026-05-01,2026-06-01,repo,cpp-ui-managepermissions,cpp-ui-managepermissions,1,0,0,0,0,,,,,0,,0,0,0,,,,,0,,,0,,,0,,unclassified,0,,,0,,,0,,,,0,0,0,,,,0,0,0,0,,0,,,github-corrective-prs,,0,0,unavailable (no GitHub issues — needs Jira),2026-09-04T13:25:01Z
2026-05,2026-05-01,2026-06-01,repo,cpp-ui-opami,cpp-ui-opami,1,0,0,0,0,,,,,0,,0,0,0,,,,,0,,,0,,,0,,team-branch,0,,,0,,,0,,,,0,0,0,,,,0,0,0,0,,0,,,github-corrective-prs,,0,0,unavailable (no GitHub issues — needs Jira),2026-09-04T13:25:01Z
2026-05,2026-05-01,2026-06-01,repo,cpp-ui-prosecution-casefile,cpp-ui-prosecution-casefile,1,21,2,4,22,14.2,89.8,,,0,13.6,22,3,3,13.6,9.1,3.4,75.2,21,4.1,77.8,20,1.2,1.2,1,4.8,team-branch,0,1.2,1.2,1,4.8,19.0,17,81.0,2705.2,2983.1,3,0,0,,,12.2,4,0,0,4,0.0,0,,,github-corrective-prs,,0,0,unavailable (no GitHub issues — needs Jira),2026-09-04T13:25:01Z
2026-05,2026-05-01,2026-06-01,repo,cpp-ui-prosecutor,cpp-ui-prosecutor,1,0,0,0,0,,,,,0,,0,0,0,,,,,0,,,0,,,0,,team-branch,0,,,0,,,0,,,,0,0,0,,,,0,0,0,0,,0,,,github-corrective-prs,,0,0,unavailable (no GitHub issues — needs Jira),2026-09-04T13:25:01Z
2026-05,2026-05-01,2026-06-01,repo,cpp-ui-sjp,cpp-ui-sjp,1,3,0,2,4,3.9,373.2,,,0,0.0,4,0,2,50.0,0.0,2.3,4.4,3,2.3,4.4,3,,,0,0.0,team-branch,0,,,0,0.0,0.0,3,100.0,2692.8,2825.4,0,0,0,,,1.3,1,0,0,1,33.3,1,,,github-corrective-prs,,0,0,unavailable (no GitHub issues — needs Jira),2026-09-04T13:25:01Z
2026-05,2026-05-01,2026-06-01,repo,cpp-ui-subscriptions,cpp-ui-subscriptions,1,0,0,0,0,,,,,0,,0,0,0,,,,,0,,,0,,,0,,team-branch,0,,,0,,,0,,,,0,0,0,,,,0,0,0,0,,0,,,github-corrective-prs,,0,0,unavailable (no GitHub issues — needs Jira),2026-09-04T13:25:01Z
2026-05,2026-05-01,2026-06-01,repo,cpp-ui-work-management,cpp-ui-work-management,1,0,0,0,0,,,,,0,,0,0,0,,,,,0,,,0,,,0,,team-branch,0,,,0,,,0,,,,0,0,0,,,,0,0,0,0,,0,,,github-corrective-prs,,0,0,unavailable (no GitHub issues — needs Jira),2026-09-04T13:25:01Z
2026-05,2026-05-01,2026-06-01,repo,service-cp-caseadmin-case-urn-mapper,service-cp-caseadmin-case-urn-mapper,1,4,1,0,4,57.6,611.8,,,0,,0,0,0,0.0,75.0,57.6,611.8,4,,,0,57.6,611.8,4,100.0,trunk-based,1,57.6,611.8,4,100.0,100.0,0,0.0,,,0,0,0,,,,0,0,0,0,0.0,0,,,github-corrective-prs,,0,0,unavailable (no GitHub issues — needs Jira),2026-09-04T13:25:01Z
2026-05,2026-05-01,2026-06-01,repo,service-cp-crime-prosecution-case-details,service-cp-crime-prosecution-case-details,1,2,1,0,2,34.7,58.7,,,0,,0,0,0,0.0,100.0,34.7,58.7,2,,,0,34.7,58.7,2,100.0,trunk-based,1,34.7,58.7,2,100.0,100.0,0,0.0,,,0,0,0,,,,0,0,0,0,0.0,0,,,github-corrective-prs,,0,0,unavailable (no GitHub issues — needs Jira),2026-09-04T13:25:01Z
2026-05,2026-05-01,2026-06-01,repo,service-cp-crime-scheduleandlist-courtschedule,service-cp-crime-scheduleandlist-courtschedule,1,2,0,0,2,34.7,58.7,,,0,,0,0,0,0.0,100.0,34.7,58.7,2,,,0,34.7,58.7,2,100.0,trunk-based,1,34.7,58.7,2,100.0,100.0,0,0.0,,,0,0,0,,,,0,0,0,0,0.0,0,,,github-corrective-prs,,0,0,unavailable (no GitHub issues — needs Jira),2026-09-04T13:25:01Z
2026-05,2026-05-01,2026-06-01,repo,service-cp-refdata-courthearing-courthouses,service-cp-refdata-courthearing-courthouses,1,2,0,0,2,34.7,58.7,,,0,,0,0,0,0.0,100.0,34.7,58.7,2,,,0,34.7,58.7,2,100.0,trunk-based,1,34.7,58.7,2,100.0,100.0,0,0.0,,,0,0,0,,,,0,0,0,0,0.0,0,,,github-corrective-prs,,0,0,unavailable (no GitHub issues — needs Jira),2026-09-04T13:25:01Z
2026-06,2026-06-01,2026-07-01,area,Case Administration,Case Administration,25,187,26,37,139,5.9,114.9,164.9,502.9,5,5.6,108,6,11,7.9,49.6,2.4,67.1,187,2.0,67.2,152,5.9,56.2,35,18.7,mixed,3,11.0,148.8,40,21.4,21.9,146,78.1,2013.4,2259.0,1,0,0,81.8,145.5,6.7,5,4,4,1,2.7,5,,,github-corrective-prs,,0,1,unavailable (no GitHub issues — needs Jira),2026-09-04T13:25:02Z
2026-06,2026-06-01,2026-07-01,area,Case Ingestion,Case Ingestion,6,49,0,1,24,6.4,396.0,,,0,0.0,19,0,6,25.0,41.7,1.0,18.9,49,1.3,19.0,43,0.5,18.8,6,12.2,team-branch,0,0.5,18.8,6,12.2,12.2,43,87.8,1945.5,2101.5,0,0,0,37.0,57.5,6.8,3,2,2,1,0.0,0,,,github-corrective-prs,,0,1,unavailable (no GitHub issues — needs Jira),2026-09-04T13:25:02Z
2026-06,2026-06-01,2026-07-01,area,Court Hearing,Court Hearing,12,51,4,19,40,24.3,323.7,,,0,5.4,37,2,12,30.0,32.5,1.4,80.5,51,1.1,80.0,47,9.7,52.7,4,7.8,team-branch,0,9.7,52.7,4,7.8,19.6,41,80.4,1942.6,2229.4,6,0,0,7.9,16.7,7.2,5,3,2,2,0.0,0,,,github-corrective-prs,,0,2,unavailable (no GitHub issues — needs Jira),2026-09-04T13:25:02Z
2026-06,2026-06-01,2026-07-01,area,DLRM,DLRM,2,17,0,4,12,1.6,61.2,,,0,0.0,12,0,2,16.7,33.3,1.2,15.2,17,1.2,15.2,17,,,0,0.0,team-branch,0,,,0,0.0,0.0,17,100.0,1754.4,1871.5,0,0,0,,,,0,0,0,0,0.0,0,,,github-corrective-prs,,0,0,unavailable (no GitHub issues — needs Jira),2026-09-04T13:25:02Z
2026-06,2026-06-01,2026-07-01,area,Management Information System,Management Information System,6,11,1,11,8,215.4,1694.8,,,0,0.0,8,0,2,25.0,25.0,10.3,1058.1,11,6.1,1231.2,10,362.6,362.6,1,9.1,mixed,1,362.6,362.6,1,9.1,9.1,10,90.9,2086.8,3340.0,0,0,0,17.1,115.1,5.7,6,4,4,2,0.0,0,,,github-corrective-prs,,0,0,unavailable (no GitHub issues — needs Jira),2026-09-04T13:25:02Z
2026-06,2026-06-01,2026-07-01,area,Platform Engineering,Platform Engineering,17,59,2,11,43,11.9,92.4,,,1,2.6,39,1,4,9.3,46.5,12.0,123.2,59,13.2,138.5,55,3.3,12.4,4,6.8,mixed,1,3.3,865.7,6,10.2,10.2,53,89.8,2014.3,2302.7,0,0,0,6.4,21.7,1.4,7,5,5,2,1.7,1,,,github-corrective-prs,,0,6,unavailable (no GitHub issues — needs Jira),2026-09-04T13:25:02Z
2026-06,2026-06-01,2026-07-01,area,Scheduling & Listing System,Scheduling & Listing System,7,31,0,4,24,2.1,93.8,,,4,20.0,20,4,2,8.3,50.0,0.9,9.4,31,0.9,13.5,27,1.1,4.0,4,12.9,mixed,1,107.6,220.3,8,25.8,25.8,23,74.2,1779.6,2054.1,0,0,0,96.3,96.3,1.3,2,1,1,1,3.2,1,,,github-corrective-prs,,0,3,unavailable (no GitHub issues — needs Jira),2026-09-04T13:25:02Z
2026-06,2026-06-01,2026-07-01,model,unclassified,Too few changes to classify,9,6,0,2,6,92.1,1462.3,,,0,0.0,6,0,3,50.0,50.0,14.3,19.6,6,14.3,19.6,6,,,0,0.0,unclassified,0,,,0,0.0,0.0,6,100.0,1723.6,1857.7,0,0,0,,,,0,0,0,0,0.0,0,,,github-corrective-prs,,0,0,unavailable (no GitHub issues — needs Jira),2026-09-04T13:25:04Z
2026-06,2026-06-01,2026-07-01,model,trunk-based,"Trunk-based, no integration branch",6,25,10,0,25,5.9,38.6,,,0,,0,0,0,0.0,64.0,5.9,38.6,25,,,0,5.9,38.6,25,100.0,trunk-based,6,5.9,38.6,25,100.0,100.0,0,0.0,,,0,0,0,,,,0,0,0,0,12.0,3,,,github-corrective-prs,,0,0,unavailable (no GitHub issues — needs Jira),2026-09-04T13:25:04Z
2026-06,2026-06-01,2026-07-01,model,team-branch,Via an integration branch,60,374,23,85,240,3.7,122.6,187.7,237.5,10,5.9,219,13,17,7.1,46.2,1.7,69.4,374,1.8,69.8,345,1.6,23.2,29,7.8,team-branch,0,9.7,214.8,40,10.7,12.6,327,87.4,1945.5,2253.4,7,0,0,20.5,109.6,5.7,28,19,18,9,1.1,4,,,github-corrective-prs,,0,13,unavailable (no GitHub issues — needs Jira),2026-09-04T13:25:04Z
2026-06,2026-06-01,2026-07-01,product,advocate-portal,Advocate Portal,2,6,1,2,4,2.1,1677.5,,,0,0.0,4,0,1,25.0,50.0,0.9,722.1,6,0.9,722.1,6,,,0,0.0,team-branch,0,,,0,0.0,0.0,6,100.0,2241.4,2968.7,0,0,0,140.7,140.7,7.6,1,1,1,0,0.0,0,,,github-corrective-prs,,0,0,unavailable (no GitHub issues — needs Jira),2026-09-04T13:25:03Z
2026-06,2026-06-01,2026-07-01,product,audit-system,Audit System,3,0,0,2,0,,,,,0,,0,0,0,,,,,0,,,0,,,0,,mixed,1,,,0,,,0,,,,0,0,0,,,,0,0,0,0,,0,,,github-corrective-prs,,0,0,unavailable (no GitHub issues — needs Jira),2026-09-04T13:25:03Z
2026-06,2026-06-01,2026-07-01,product,case-document-knowledge-system,Case Document Knowledge,3,29,8,4,29,15.9,69.1,,,1,12.5,8,1,1,3.4,58.6,11.2,53.0,29,6.6,20.4,8,18.8,71.5,21,72.4,mixed,1,19.3,72.6,22,75.9,75.9,7,24.1,2046.6,2191.7,0,0,0,,,,0,0,0,0,0.0,0,,,github-corrective-prs,,0,0,unavailable (no GitHub issues — needs Jira),2026-09-04T13:25:03Z
2026-06,2026-06-01,2026-07-01,product,case-management-system,Case Management System,17,140,17,25,98,7.6,144.9,,,0,1.1,88,1,10,10.2,41.8,2.0,70.4,140,2.3,71.0,126,1.0,16.7,14,10.0,mixed,2,1.0,16.7,14,10.0,10.7,125,89.3,2017.1,2277.2,1,0,0,22.8,111.4,6.6,4,3,3,1,3.6,5,,,github-corrective-prs,,0,1,unavailable (no GitHub issues — needs Jira),2026-09-04T13:25:03Z
2026-06,2026-06-01,2026-07-01,product,cpci,Common Platform Civil Interface (CPCI),1,37,0,0,14,0.9,408.1,,,0,0.0,13,0,1,7.1,42.9,0.7,12.3,37,0.7,12.6,36,0.5,0.5,1,2.7,team-branch,0,0.5,0.5,1,2.7,2.7,36,97.3,1946.7,2089.6,0,0,0,,,,0,0,0,0,0.0,0,,,github-corrective-prs,,0,1,unavailable (no GitHub issues — needs Jira),2026-09-04T13:25:03Z
2026-06,2026-06-01,2026-07-01,product,cppi,Common Platform Prosecutor Interface (CPPI),1,3,0,0,2,53.2,90.2,,,0,0.0,1,0,1,50.0,50.0,24.6,54.3,3,45.8,60.7,2,0.4,0.4,1,33.3,team-branch,0,0.4,0.4,1,33.3,33.3,2,66.7,1877.5,1904.0,0,0,0,,,,0,0,0,0,0.0,0,,,github-corrective-prs,,0,0,unavailable (no GitHub issues — needs Jira),2026-09-04T13:25:03Z
2026-06,2026-06-01,2026-07-01,product,cp-user-interface,Common Platform User Interface,1,0,0,0,0,,,,,0,,0,0,0,,,,,0,,,0,,,0,,team-branch,0,,,0,,,0,,,,0,0,0,,,,0,0,0,0,,0,,,github-corrective-prs,,0,0,unavailable (no GitHub issues — needs Jira),2026-09-04T13:25:03Z
2026-06,2026-06-01,2026-07-01,product,document-generation-system,Document Generation System,1,15,0,1,13,13.2,141.3,,,0,0.0,12,0,1,7.7,7.7,3.3,66.4,15,1.9,75.3,14,17.7,17.7,1,6.7,team-branch,0,17.7,17.7,1,6.7,6.7,14,93.3,1703.1,1914.1,0,0,0,1.3,1.3,0.6,1,1,1,0,0.0,0,,,github-corrective-prs,,0,0,unavailable (no GitHub issues — needs Jira),2026-09-04T13:25:03Z
2026-06,2026-06-01,2026-07-01,product,document-ingestion-system,Document Ingestion System,3,5,0,1,4,94.5,2424.4,,,0,0.0,3,0,2,50.0,50.0,19.0,81.2,5,42.0,86.8,4,19.0,19.0,1,20.0,team-branch,0,19.0,19.0,1,20.0,20.0,4,80.0,1878.0,2201.6,0,0,0,66.3,66.3,0.5,1,1,1,0,0.0,0,,,github-corrective-prs,,0,0,unavailable (no GitHub issues — needs Jira),2026-09-04T13:25:03Z
2026-06,2026-06-01,2026-07-01,product,file-service-system,File Service,1,1,0,0,1,526.8,526.8,,,0,0.0,1,0,1,100.0,0.0,25.8,25.8,1,25.8,25.8,1,,,0,0.0,unclassified,0,,,0,0.0,0.0,1,100.0,2207.0,2207.0,0,0,0,,,,0,0,0,0,0.0,0,,,github-corrective-prs,,0,0,unavailable (no GitHub issues — needs Jira),2026-09-04T13:25:03Z
2026-06,2026-06-01,2026-07-01,product,hearing-system,Hearing System,5,28,4,11,23,19.9,476.3,,,0,9.1,22,2,6,26.1,30.4,0.9,16.5,28,0.8,27.3,27,1.8,1.8,1,3.6,team-branch,0,1.8,1.8,1,3.6,25.0,21,75.0,2042.8,2284.4,6,0,0,,,7.4,2,0,0,2,0.0,0,,,github-corrective-prs,,0,0,unavailable (no GitHub issues — needs Jira),2026-09-04T13:25:03Z
2026-06,2026-06-01,2026-07-01,product,id-mapper-system,Id Mapper System,1,2,0,1,2,2134.5,3628.6,,,1,50.0,2,1,1,50.0,50.0,1695.7,2882.7,2,1695.7,2882.7,2,,,0,0.0,team-branch,0,1705.1,2898.2,2,100.0,100.0,0,0.0,,,0,0,0,6.4,6.4,5.6,1,1,1,0,0.0,0,,,github-corrective-prs,,0,0,unavailable (no GitHub issues — needs Jira),2026-09-04T13:25:03Z
2026-06,2026-06-01,2026-07-01,product,legacy-case-migration-system,Legacy Case Migration System,2,17,0,4,12,1.6,61.2,,,0,0.0,12,0,2,16.7,33.3,1.2,15.2,17,1.2,15.2,17,,,0,0.0,team-branch,0,,,0,0.0,0.0,17,100.0,1754.4,1871.5,0,0,0,,,,0,0,0,0,0.0,0,,,github-corrective-prs,,0,0,unavailable (no GitHub issues — needs Jira),2026-09-04T13:25:03Z
2026-06,2026-06-01,2026-07-01,product,management-information-system,Management Information System,3,11,1,9,8,215.4,1694.8,,,0,0.0,8,0,2,25.0,25.0,10.3,1058.1,11,6.1,1231.2,10,362.6,362.6,1,9.1,team-branch,0,362.6,362.6,1,9.1,9.1,10,90.9,2086.8,3340.0,0,0,0,17.1,115.1,5.7,6,4,4,2,0.0,0,,,github-corrective-prs,,0,0,unavailable (no GitHub issues — needs Jira),2026-09-04T13:25:03Z
2026-06,2026-06-01,2026-07-01,product,notify-system,Notify System,1,4,0,0,3,98.9,3017.9,,,0,0.0,3,0,2,66.7,0.0,67.7,216.0,4,67.7,216.0,4,,,0,0.0,team-branch,0,,,0,0.0,0.0,4,100.0,2124.3,2432.8,0,0,0,,,,0,0,0,0,0.0,0,,,github-corrective-prs,,0,0,unavailable (no GitHub issues — needs Jira),2026-09-04T13:25:03Z
2026-06,2026-06-01,2026-07-01,product,reference-data-system,Reference Data System,4,15,2,9,14,12.5,79.3,,,0,0.0,11,0,1,7.1,42.9,19.0,76.5,15,23.2,90.8,12,0.7,4.4,3,20.0,mixed,1,0.7,4.4,3,20.0,20.0,12,80.0,2049.7,2316.3,0,0,0,6.4,33.1,1.4,5,3,3,2,6.7,1,,,github-corrective-prs,,0,1,unavailable (no GitHub issues — needs Jira),2026-09-04T13:25:03Z
2026-06,2026-06-01,2026-07-01,product,results-distribution-system,Results Distribution System,7,23,0,8,17,28.8,169.3,,,0,0.0,15,0,6,35.3,35.3,6.0,82.3,23,3.5,81.9,20,13.4,63.4,3,13.0,team-branch,0,13.4,63.4,3,13.0,13.0,20,87.0,1916.6,2204.8,0,0,0,7.9,16.7,4.3,3,3,2,0,0.0,0,,,github-corrective-prs,,0,2,unavailable (no GitHub issues — needs Jira),2026-09-04T13:25:03Z
2026-06,2026-06-01,2026-07-01,product,scheduling-system,Scheduling System,1,3,0,0,1,4268.9,4268.9,,,0,0.0,1,0,1,100.0,0.0,66.5,1986.6,3,66.5,1986.6,3,,,0,0.0,team-branch,0,,,0,0.0,0.0,3,100.0,2228.4,4210.9,0,0,0,,,,0,0,0,0,0.0,0,,,github-corrective-prs,,0,0,unavailable (no GitHub issues — needs Jira),2026-09-04T13:25:03Z
2026-06,2026-06-01,2026-07-01,product,scheduling-and-listing-system,Scheduling and Listing System,7,31,0,4,24,2.1,93.8,,,4,20.0,20,4,2,8.3,50.0,0.9,9.4,31,0.9,13.5,27,1.1,4.0,4,12.9,mixed,1,107.6,220.3,8,25.8,25.8,23,74.2,1779.6,2054.1,0,0,0,96.3,96.3,1.3,2,1,1,1,3.2,1,,,github-corrective-prs,,0,3,unavailable (no GitHub issues — needs Jira),2026-09-04T13:25:03Z
2026-06,2026-06-01,2026-07-01,product,spi,Standard Prosecutor Interface (SPI),1,4,0,0,4,10.7,220.3,,,0,0.0,2,0,2,50.0,25.0,1.1,11.0,4,1.6,1.6,1,0.6,13.3,3,75.0,team-branch,0,0.6,13.3,3,75.0,75.0,1,25.0,2285.1,2285.1,0,0,0,7.6,7.6,6.8,2,1,1,1,0.0,0,,,github-corrective-prs,,0,0,unavailable (no GitHub issues — needs Jira),2026-09-04T13:25:03Z
2026-06,2026-06-01,2026-07-01,product,support-system,Support System,1,4,0,0,2,2136.3,3629.1,,,0,0.0,2,0,1,50.0,50.0,35.2,215.0,4,35.2,215.0,4,,,0,0.0,team-branch,0,,,0,0.0,0.0,4,100.0,2222.1,2432.8,0,0,0,,,,0,0,0,0,0.0,0,,,github-corrective-prs,,0,1,unavailable (no GitHub issues — needs Jira),2026-09-04T13:25:03Z
2026-06,2026-06-01,2026-07-01,product,ssystem-announcement-system,System Announcement System,1,0,0,0,0,,,,,0,,0,0,0,,,,,0,,,0,,,0,,team-branch,0,,,0,,,0,,,,0,0,0,,,,0,0,0,0,,0,,,github-corrective-prs,,0,0,unavailable (no GitHub issues — needs Jira),2026-09-04T13:25:03Z
2026-06,2026-06-01,2026-07-01,product,ui-notification-system,UI Notification System,1,2,0,0,1,4268.9,4268.9,,,0,0.0,1,0,1,100.0,0.0,206.2,302.9,2,206.2,302.9,2,,,0,0.0,team-branch,0,,,0,0.0,0.0,2,100.0,2305.9,2508.6,0,0,0,,,,0,0,0,0,0.0,0,,,github-corrective-prs,,0,0,unavailable (no GitHub issues — needs Jira),2026-09-04T13:25:03Z
2026-06,2026-06-01,2026-07-01,product,users-and-groups-system,Users and Groups System,4,13,0,0,12,3.5,73.0,,,0,0.0,12,0,1,8.3,91.7,3.7,73.4,13,3.7,73.4,13,,,0,0.0,team-branch,0,,,0,0.0,0.0,13,100.0,1946.8,2017.3,0,0,0,,,,0,0,0,0,0.0,0,,,github-corrective-prs,,0,4,unavailable (no GitHub issues — needs Jira),2026-09-04T13:25:03Z
2026-06,2026-06-01,2026-07-01,product,work-management-system,Work Management System,3,12,0,6,11,0.3,90.2,,,4,36.4,11,4,2,18.2,81.8,0.3,14.9,12,0.3,14.9,12,,,0,0.0,team-branch,0,164.5,166.3,4,33.3,33.3,8,66.7,1644.6,1739.8,0,0,0,,,,0,0,0,0,0.0,0,,,github-corrective-prs,,0,0,unavailable (no GitHub issues — needs Jira),2026-09-04T13:25:03Z
2026-06,2026-06-01,2026-07-01,repo,cp-ai-rag-service,cp-ai-rag-service,1,14,3,0,14,21.6,73.7,,,0,,0,0,0,0.0,42.9,21.6,73.7,14,,,0,21.6,73.7,14,100.0,trunk-based,1,21.6,73.7,14,100.0,100.0,0,0.0,,,0,0,0,,,,0,0,0,0,0.0,0,,,github-corrective-prs,,0,0,unavailable (no GitHub issues — needs Jira),2026-09-04T13:25:03Z
2026-06,2026-06-01,2026-07-01,repo,cp-audit-reports-service-v2,cp-audit-reports-service-v2,1,0,0,0,0,,,,,0,,0,0,0,,,,,0,,,0,,,0,,trunk-based,1,,,0,,,0,,,,0,0,0,,,,0,0,0,0,,0,,,github-corrective-prs,,0,0,unavailable (no GitHub issues — needs Jira),2026-09-04T13:25:03Z
2026-06,2026-06-01,2026-07-01,repo,cp-case-document-knowledge-service,cp-case-document-knowledge-service,1,12,5,4,12,2.5,22.0,,,0,0.0,5,0,0,0.0,75.0,2.5,22.0,12,2.7,15.1,5,2.2,29.0,7,58.3,team-branch,0,2.2,29.0,7,58.3,58.3,5,41.7,2184.2,2205.8,0,0,0,,,,0,0,0,0,0.0,0,,,github-corrective-prs,,0,0,unavailable (no GitHub issues — needs Jira),2026-09-04T13:25:03Z
2026-06,2026-06-01,2026-07-01,repo,cp-court-list-publishing-service,cp-court-list-publishing-service,1,15,0,1,9,4.1,137.6,,,0,0.0,9,0,1,11.1,22.2,0.9,17.0,15,0.9,17.0,15,,,0,0.0,team-branch,0,,,0,0.0,0.0,15,100.0,1874.3,2102.9,0,0,0,96.3,96.3,1.3,1,1,1,0,0.0,0,,,github-corrective-prs,,0,3,unavailable (no GitHub issues — needs Jira),2026-09-04T13:25:03Z
2026-06,2026-06-01,2026-07-01,repo,cp-file-service,cp-file-service,1,1,0,0,1,526.8,526.8,,,0,0.0,1,0,1,100.0,0.0,25.8,25.8,1,25.8,25.8,1,,,0,0.0,unclassified,0,,,0,0.0,0.0,1,100.0,2207.0,2207.0,0,0,0,,,,0,0,0,0,0.0,0,,,github-corrective-prs,,0,0,unavailable (no GitHub issues — needs Jira),2026-09-04T13:25:03Z
2026-06,2026-06-01,2026-07-01,repo,cpp-context-applications-courtorders,cpp-context-applications-courtorders,1,0,0,0,0,,,,,0,,0,0,0,,,,,0,,,0,,,0,,team-branch,0,,,0,,,0,,,,0,0,0,,,,0,0,0,0,,0,,,github-corrective-prs,,0,0,unavailable (no GitHub issues — needs Jira),2026-09-04T13:25:03Z
2026-06,2026-06-01,2026-07-01,repo,cpp-context-archiving,cpp-context-archiving,1,0,0,0,0,,,,,0,,0,0,0,,,,,0,,,0,,,0,,team-branch,0,,,0,,,0,,,,0,0,0,,,,0,0,0,0,,0,,,github-corrective-prs,,0,0,unavailable (no GitHub issues — needs Jira),2026-09-04T13:25:03Z
2026-06,2026-06-01,2026-07-01,repo,cpp-context-audit2dls,cpp-context-audit2dls,1,0,0,0,0,,,,,0,,0,0,0,,,,,0,,,0,,,0,,team-branch,0,,,0,,,0,,,,0,0,0,,,,0,0,0,0,,0,,,github-corrective-prs,,0,0,unavailable (no GitHub issues — needs Jira),2026-09-04T13:25:03Z
2026-06,2026-06-01,2026-07-01,repo,cpp-context-azure-legalaidagency,cpp-context-azure-legalaidagency,1,3,0,3,2,211.1,284.6,,,0,0.0,2,0,1,50.0,0.0,63.9,240.2,3,63.9,240.2,3,,,0,0.0,team-branch,0,,,0,0.0,0.0,3,100.0,2018.9,2019.2,0,0,0,,,,0,0,0,0,0.0,0,,,github-corrective-prs,,0,0,unavailable (no GitHub issues — needs Jira),2026-09-04T13:25:03Z
2026-06,2026-06-01,2026-07-01,repo,cpp-context-boxworkmanagement,cpp-context-boxworkmanagement,1,1,0,3,1,526.8,526.8,,,0,0.0,1,0,1,100.0,0.0,23.4,23.4,1,23.4,23.4,1,,,0,0.0,team-branch,0,,,0,0.0,0.0,1,100.0,1708.7,1708.7,0,0,0,,,,0,0,0,0,0.0,0,,,github-corrective-prs,,0,0,unavailable (no GitHub issues — needs Jira),2026-09-04T13:25:03Z
2026-06,2026-06-01,2026-07-01,repo,cpp-context-businessprocesses,cpp-context-businessprocesses,1,5,0,3,5,0.3,210.9,,,4,80.0,5,4,1,20.0,80.0,0.3,24.9,5,0.3,24.9,5,,,0,0.0,team-branch,0,164.5,166.3,4,80.0,80.0,1,20.0,1746.9,1746.9,0,0,0,,,,0,0,0,0,0.0,0,,,github-corrective-prs,,0,0,unavailable (no GitHub issues — needs Jira),2026-09-04T13:25:03Z
2026-06,2026-06-01,2026-07-01,repo,cpp-context-correspondence,cpp-context-correspondence,1,0,0,0,0,,,,,0,,0,0,0,,,,,0,,,0,,,0,,team-branch,0,,,0,,,0,,,,0,0,0,,,,0,0,0,0,,0,,,github-corrective-prs,,0,0,unavailable (no GitHub issues — needs Jira),2026-09-04T13:25:03Z
2026-06,2026-06-01,2026-07-01,repo,cpp-context-defence,cpp-context-defence,1,5,1,2,3,0.8,2133.2,,,0,0.0,3,0,1,33.3,33.3,0.8,1151.9,5,0.8,1151.9,5,,,0,0.0,team-branch,0,,,0,0.0,0.0,5,100.0,2251.5,3397.9,0,0,0,140.7,140.7,7.6,1,1,1,0,0.0,0,,,github-corrective-prs,,0,0,unavailable (no GitHub issues — needs Jira),2026-09-04T13:25:03Z
2026-06,2026-06-01,2026-07-01,repo,cpp-context-hearing,cpp-context-hearing,1,26,4,11,21,19.9,523.4,,,0,10.0,20,2,5,23.8,28.6,0.7,43.4,26,0.6,59.4,25,1.8,1.8,1,3.8,team-branch,0,1.8,1.8,1,3.8,26.9,19,73.1,2202.0,2312.6,6,0,0,,,7.4,2,0,0,2,0.0,0,,,github-corrective-prs,,0,0,unavailable (no GitHub issues — needs Jira),2026-09-04T13:25:03Z
2026-06,2026-06-01,2026-07-01,repo,cpp-context-hearing-nows,cpp-context-hearing-nows,1,4,0,1,3,113.0,119.6,,,0,0.0,3,0,2,66.7,33.3,0.9,1.3,4,0.9,1.3,4,,,0,0.0,team-branch,0,,,0,0.0,0.0,4,100.0,2205.3,2207.1,0,0,0,,,,0,0,0,0,0.0,0,,,github-corrective-prs,,0,0,unavailable (no GitHub issues — needs Jira),2026-09-04T13:25:03Z
2026-06,2026-06-01,2026-07-01,repo,cpp-context-idam-events-consumer,cpp-context-idam-events-consumer,1,0,0,0,0,,,,,0,,0,0,0,,,,,0,,,0,,,0,,unclassified,0,,,0,,,0,,,,0,0,0,,,,0,0,0,0,,0,,,github-corrective-prs,,0,0,unavailable (no GitHub issues — needs Jira),2026-09-04T13:25:03Z
2026-06,2026-06-01,2026-07-01,repo,cpp-context-listing,cpp-context-listing,1,12,0,1,12,1.2,25.4,,,4,36.4,11,4,1,8.3,58.3,1.2,3.0,12,0.9,3.3,11,1.6,1.6,1,8.3,team-branch,0,213.8,257.1,5,41.7,41.7,7,58.3,1778.6,1787.1,0,0,0,,,1.3,1,0,0,1,0.0,0,,,github-corrective-prs,,0,0,unavailable (no GitHub issues — needs Jira),2026-09-04T13:25:03Z
2026-06,2026-06-01,2026-07-01,repo,cpp-context-listing-courtscheduler,cpp-context-listing-courtscheduler,1,0,0,0,0,,,,,0,,0,0,0,,,,,0,,,0,,,0,,team-branch,0,,,0,,,0,,,,0,0,0,,,,0,0,0,0,,0,,,github-corrective-prs,,0,0,unavailable (no GitHub issues — needs Jira),2026-09-04T13:25:03Z
2026-06,2026-06-01,2026-07-01,repo,cpp-context-material,cpp-context-material,1,11,0,0,10,0.4,47.4,,,0,0.0,9,0,0,0.0,90.0,0.4,37.6,11,0.4,57.2,9,0.8,1.1,2,18.2,team-branch,0,0.8,1.1,2,18.2,18.2,9,81.8,1924.7,2278.6,0,0,0,,,6.6,1,0,0,1,0.0,0,,,github-corrective-prs,,0,0,unavailable (no GitHub issues — needs Jira),2026-09-04T13:25:03Z
2026-06,2026-06-01,2026-07-01,repo,cpp-context-material-id-mapper,cpp-context-material-id-mapper,1,0,0,0,0,,,,,0,,0,0,0,,,,,0,,,0,,,0,,unclassified,0,,,0,,,0,,,,0,0,0,,,,0,0,0,0,,0,,,github-corrective-prs,,0,0,unavailable (no GitHub issues — needs Jira),2026-09-04T13:25:03Z
2026-06,2026-06-01,2026-07-01,repo,cpp-context-mi-reportdata,cpp-context-mi-reportdata,1,9,0,9,6,418.1,2382.5,,,0,0.0,6,0,1,16.7,16.7,46.4,1475.5,9,24.2,1679.1,8,362.6,362.6,1,11.1,team-branch,0,362.6,362.6,1,11.1,11.1,8,88.9,2184.0,3706.9,0,0,0,17.1,115.1,5.7,6,4,4,2,0.0,0,,,github-corrective-prs,,0,0,unavailable (no GitHub issues — needs Jira),2026-09-04T13:25:03Z
2026-06,2026-06-01,2026-07-01,repo,cpp-context-mi-systemdata,cpp-context-mi-systemdata,1,0,0,0,0,,,,,0,,0,0,0,,,,,0,,,0,,,0,,team-branch,0,,,0,,,0,,,,0,0,0,,,,0,0,0,0,,0,,,github-corrective-prs,,0,0,unavailable (no GitHub issues — needs Jira),2026-09-04T13:25:03Z
2026-06,2026-06-01,2026-07-01,repo,cpp-context-notification,cpp-context-notification,1,2,0,0,1,4268.9,4268.9,,,0,0.0,1,0,1,100.0,0.0,206.2,302.9,2,206.2,302.9,2,,,0,0.0,team-branch,0,,,0,0.0,0.0,2,100.0,2305.9,2508.6,0,0,0,,,,0,0,0,0,0.0,0,,,github-corrective-prs,,0,0,unavailable (no GitHub issues — needs Jira),2026-09-04T13:25:03Z
2026-06,2026-06-01,2026-07-01,repo,cpp-context-notification-notify,cpp-context-notification-notify,1,4,0,0,3,98.9,3017.9,,,0,0.0,3,0,2,66.7,0.0,67.7,216.0,4,67.7,216.0,4,,,0,0.0,team-branch,0,,,0,0.0,0.0,4,100.0,2124.3,2432.8,0,0,0,,,,0,0,0,0,0.0,0,,,github-corrective-prs,,0,0,unavailable (no GitHub issues — needs Jira),2026-09-04T13:25:03Z
2026-06,2026-06-01,2026-07-01,repo,cpp-context-progression,cpp-context-progression,1,70,3,11,47,3.9,161.6,,,0,0.0,44,0,6,12.8,42.6,1.8,88.0,70,1.9,93.4,67,0.6,0.6,3,4.3,team-branch,0,0.6,0.6,3,4.3,4.3,67,95.7,2013.7,2260.9,0,0,0,,,,0,0,0,0,2.9,2,,,github-corrective-prs,,0,1,unavailable (no GitHub issues — needs Jira),2026-09-04T13:25:03Z
2026-06,2026-06-01,2026-07-01,repo,cpp-context-prosecution-casefile,cpp-context-prosecution-casefile,1,15,0,3,8,82.4,306.4,,,0,0.0,8,0,1,12.5,37.5,1.5,64.1,15,1.5,64.1,15,,,0,0.0,team-branch,0,,,0,0.0,0.0,15,100.0,2108.1,2207.8,0,0,0,,,,0,0,0,0,0.0,0,,,github-corrective-prs,,0,0,unavailable (no GitHub issues — needs Jira),2026-09-04T13:25:03Z
2026-06,2026-06-01,2026-07-01,repo,cpp-context-prosecution-casefile-dlrm,cpp-context-prosecution-casefile-dlrm,1,9,0,2,8,2.9,29.5,,,0,0.0,8,0,1,12.5,12.5,1.4,11.5,9,1.4,11.5,9,,,0,0.0,team-branch,0,,,0,0.0,0.0,9,100.0,1758.8,1868.7,0,0,0,,,,0,0,0,0,0.0,0,,,github-corrective-prs,,0,0,unavailable (no GitHub issues — needs Jira),2026-09-04T13:25:03Z
2026-06,2026-06-01,2026-07-01,repo,cpp-context-prosecution-documentqueue,cpp-context-prosecution-documentqueue,1,1,0,1,1,19.0,19.0,,,0,,0,0,0,0.0,100.0,19.0,19.0,1,,,0,19.0,19.0,1,100.0,team-branch,0,19.0,19.0,1,100.0,100.0,0,0.0,,,0,0,0,66.3,66.3,0.5,1,1,1,0,0.0,0,,,github-corrective-prs,,0,0,unavailable (no GitHub issues — needs Jira),2026-09-04T13:25:03Z
2026-06,2026-06-01,2026-07-01,repo,cpp-context-reference-data,cpp-context-reference-data,1,8,2,5,8,48.8,113.7,,,0,0.0,8,0,1,12.5,12.5,27.3,77.0,8,27.3,77.0,8,,,0,0.0,team-branch,0,,,0,0.0,0.0,8,100.0,2100.5,2280.6,0,0,0,1.2,1.2,1.3,3,1,1,2,0.0,0,,,github-corrective-prs,,0,1,unavailable (no GitHub issues — needs Jira),2026-09-04T13:25:03Z
2026-06,2026-06-01,2026-07-01,repo,cpp-context-referencedata-offences,cpp-context-referencedata-offences,1,4,0,4,4,12.0,2357.5,,,0,0.0,4,0,1,25.0,50.0,12.0,2256.6,4,12.0,2256.6,4,,,0,0.0,team-branch,0,,,0,0.0,0.0,4,100.0,1978.7,4225.5,0,0,0,25.5,38.8,3.5,2,2,2,0,0.0,0,,,github-corrective-prs,,0,0,unavailable (no GitHub issues — needs Jira),2026-09-04T13:25:03Z
2026-06,2026-06-01,2026-07-01,repo,cpp-context-resulting,cpp-context-resulting,1,1,0,0,1,98.9,98.9,,,0,0.0,1,0,1,100.0,0.0,3.1,3.1,1,3.1,3.1,1,,,0,0.0,team-branch,0,,,0,0.0,0.0,1,100.0,2042.8,2042.8,0,0,0,,,,0,0,0,0,0.0,0,,,github-corrective-prs,,0,0,unavailable (no GitHub issues — needs Jira),2026-09-04T13:25:03Z
2026-06,2026-06-01,2026-07-01,repo,cpp-context-results,cpp-context-results,1,11,0,3,8,59.7,165.7,,,0,0.0,6,0,3,37.5,37.5,12.4,99.5,11,10.7,112.3,8,13.4,63.4,3,27.3,team-branch,0,13.4,63.4,3,27.3,27.3,8,72.7,1803.3,1917.6,0,0,0,7.9,16.7,4.3,3,3,2,0,0.0,0,,,github-corrective-prs,,0,2,unavailable (no GitHub issues — needs Jira),2026-09-04T13:25:03Z
2026-06,2026-06-01,2026-07-01,repo,cpp-context-sjp,cpp-context-sjp,1,4,1,4,3,10.1,15.3,,,0,0.0,2,0,1,33.3,33.3,4.6,13.2,4,8.6,14.4,3,0.4,0.4,1,25.0,team-branch,0,0.4,0.4,1,25.0,25.0,3,75.0,2284.6,2291.3,0,0,0,20.8,20.8,7.6,1,1,1,0,0.0,0,,,github-corrective-prs,,0,0,unavailable (no GitHub issues — needs Jira),2026-09-04T13:25:03Z
2026-06,2026-06-01,2026-07-01,repo,cpp-context-staging,cpp-context-staging,1,2,0,0,1,4268.9,4268.9,,,0,0.0,1,0,1,100.0,0.0,589.2,950.4,2,589.2,950.4,2,,,0,0.0,team-branch,0,,,0,0.0,0.0,2,100.0,2685.8,3155.1,0,0,0,,,,0,0,0,0,0.0,0,,,github-corrective-prs,,0,0,unavailable (no GitHub issues — needs Jira),2026-09-04T13:25:03Z
2026-06,2026-06-01,2026-07-01,repo,cpp-context-staging-bulkscan,cpp-context-staging-bulkscan,1,2,0,0,1,4268.9,4268.9,,,0,0.0,1,0,1,100.0,0.0,84.9,97.9,2,84.9,97.9,2,,,0,0.0,team-branch,0,,,0,0.0,0.0,2,100.0,2184.6,2303.6,0,0,0,,,,0,0,0,0,0.0,0,,,github-corrective-prs,,0,0,unavailable (no GitHub issues — needs Jira),2026-09-04T13:25:03Z
2026-06,2026-06-01,2026-07-01,repo,cpp-context-staging-darts,cpp-context-staging-darts,1,0,0,0,0,,,,,0,,0,0,0,,,,,0,,,0,,,0,,team-branch,0,,,0,,,0,,,,0,0,0,,,,0,0,0,0,,0,,,github-corrective-prs,,0,0,unavailable (no GitHub issues — needs Jira),2026-09-04T13:25:03Z
2026-06,2026-06-01,2026-07-01,repo,cpp-context-staging-dcs,cpp-context-staging-dcs,1,1,0,1,1,4268.9,4268.9,,,0,0.0,1,0,1,100.0,0.0,3432.7,3432.7,1,3432.7,3432.7,1,,,0,0.0,team-branch,0,,,0,0.0,0.0,1,100.0,5322.2,5322.2,0,0,0,149.4,149.4,5.7,1,1,1,0,0.0,0,,,github-corrective-prs,,0,0,unavailable (no GitHub issues — needs Jira),2026-09-04T13:25:03Z
2026-06,2026-06-01,2026-07-01,repo,cpp-context-staging-dvla,cpp-context-staging-dvla,1,0,0,0,0,,,,,0,,0,0,0,,,,,0,,,0,,,0,,team-branch,0,,,0,,,0,,,,0,0,0,,,,0,0,0,0,,0,,,github-corrective-prs,,0,0,unavailable (no GitHub issues — needs Jira),2026-09-04T13:25:03Z
2026-06,2026-06-01,2026-07-01,repo,cpp-context-staging-enforcement,cpp-context-staging-enforcement,1,2,0,1,2,2.5,3.2,,,0,0.0,2,0,0,0.0,50.0,2.5,3.2,2,2.5,3.2,2,,,0,0.0,team-branch,0,,,0,0.0,0.0,2,100.0,1982.0,2057.6,0,0,0,,,,0,0,0,0,0.0,0,,,github-corrective-prs,,0,0,unavailable (no GitHub issues — needs Jira),2026-09-04T13:25:03Z
2026-06,2026-06-01,2026-07-01,repo,cpp-context-staging-pnld-offences,cpp-context-staging-pnld-offences,1,0,0,0,0,,,,,0,,0,0,0,,,,,0,,,0,,,0,,unclassified,0,,,0,,,0,,,,0,0,0,,,,0,0,0,0,,0,,,github-corrective-prs,,0,0,unavailable (no GitHub issues — needs Jira),2026-09-04T13:25:03Z
2026-06,2026-06-01,2026-07-01,repo,cpp-context-staging-prosecutors,cpp-context-staging-prosecutors,1,3,0,0,2,53.2,90.2,,,0,0.0,1,0,1,50.0,50.0,24.6,54.3,3,45.8,60.7,2,0.4,0.4,1,33.3,team-branch,0,0.4,0.4,1,33.3,33.3,2,66.7,1877.5,1904.0,0,0,0,,,,0,0,0,0,0.0,0,,,github-corrective-prs,,0,0,unavailable (no GitHub issues — needs Jira),2026-09-04T13:25:03Z
2026-06,2026-06-01,2026-07-01,repo,cpp-context-staging-prosecutors-civil,cpp-context-staging-prosecutors-civil,1,37,0,0,14,0.9,408.1,,,0,0.0,13,0,1,7.1,42.9,0.7,12.3,37,0.7,12.6,36,0.5,0.5,1,2.7,team-branch,0,0.5,0.5,1,2.7,2.7,36,97.3,1946.7,2089.6,0,0,0,,,,0,0,0,0,0.0,0,,,github-corrective-prs,,0,1,unavailable (no GitHub issues — needs Jira),2026-09-04T13:25:03Z
2026-06,2026-06-01,2026-07-01,repo,cpp-context-staging-prosecutors-spi,cpp-context-staging-prosecutors-spi,1,4,0,0,4,10.7,220.3,,,0,0.0,2,0,2,50.0,25.0,1.1,11.0,4,1.6,1.6,1,0.6,13.3,3,75.0,team-branch,0,0.6,13.3,3,75.0,75.0,1,25.0,2285.1,2285.1,0,0,0,7.6,7.6,6.8,2,1,1,1,0.0,0,,,github-corrective-prs,,0,0,unavailable (no GitHub issues — needs Jira),2026-09-04T13:25:03Z
2026-06,2026-06-01,2026-07-01,repo,cpp-context-staging-pubhub,cpp-context-staging-pubhub,1,1,0,2,1,4268.9,4268.9,,,0,0.0,1,0,1,100.0,0.0,12.9,12.9,1,12.9,12.9,1,,,0,0.0,unclassified,0,,,0,0.0,0.0,1,100.0,1721.8,1721.8,0,0,0,,,,0,0,0,0,0.0,0,,,github-corrective-prs,,0,0,unavailable (no GitHub issues — needs Jira),2026-09-04T13:25:03Z
2026-06,2026-06-01,2026-07-01,repo,cpp-context-stagingdlrm,cpp-context-stagingdlrm,1,8,0,2,5,1.4,1778.6,,,0,0.0,5,0,2,40.0,60.0,0.8,15.4,8,0.8,15.4,8,,,0,0.0,team-branch,0,,,0,0.0,0.0,8,100.0,1753.9,1864.4,0,0,0,,,,0,0,0,0,0.0,0,,,github-corrective-prs,,0,0,unavailable (no GitHub issues — needs Jira),2026-09-04T13:25:03Z
2026-06,2026-06-01,2026-07-01,repo,cpp-context-subscriptions,cpp-context-subscriptions,1,1,0,0,1,28.8,28.8,,,0,0.0,1,0,0,0.0,0.0,28.8,28.8,1,28.8,28.8,1,,,0,0.0,team-branch,0,,,0,0.0,0.0,1,100.0,2140.3,2140.3,0,0,0,,,,0,0,0,0,0.0,0,,,github-corrective-prs,,0,0,unavailable (no GitHub issues — needs Jira),2026-09-04T13:25:03Z
2026-06,2026-06-01,2026-07-01,repo,cpp-context-support,cpp-context-support,1,4,0,0,2,2136.3,3629.1,,,0,0.0,2,0,1,50.0,50.0,35.2,215.0,4,35.2,215.0,4,,,0,0.0,team-branch,0,,,0,0.0,0.0,4,100.0,2222.1,2432.8,0,0,0,,,,0,0,0,0,0.0,0,,,github-corrective-prs,,0,1,unavailable (no GitHub issues — needs Jira),2026-09-04T13:25:03Z
2026-06,2026-06-01,2026-07-01,repo,cpp-context-system-announcement,cpp-context-system-announcement,1,0,0,0,0,,,,,0,,0,0,0,,,,,0,,,0,,,0,,team-branch,0,,,0,,,0,,,,0,0,0,,,,0,0,0,0,,0,,,github-corrective-prs,,0,0,unavailable (no GitHub issues — needs Jira),2026-09-04T13:25:03Z
2026-06,2026-06-01,2026-07-01,repo,cpp-context-system-doc-generator,cpp-context-system-doc-generator,1,15,0,1,13,13.2,141.3,,,0,0.0,12,0,1,7.7,7.7,3.3,66.4,15,1.9,75.3,14,17.7,17.7,1,6.7,team-branch,0,17.7,17.7,1,6.7,6.7,14,93.3,1703.1,1914.1,0,0,0,1.3,1.3,0.6,1,1,1,0,0.0,0,,,github-corrective-prs,,0,0,unavailable (no GitHub issues — needs Jira),2026-09-04T13:25:03Z
2026-06,2026-06-01,2026-07-01,repo,cpp-context-system-id-mapper,cpp-context-system-id-mapper,1,2,0,1,2,2134.5,3628.6,,,1,50.0,2,1,1,50.0,50.0,1695.7,2882.7,2,1695.7,2882.7,2,,,0,0.0,team-branch,0,1705.1,2898.2,2,100.0,100.0,0,0.0,,,0,0,0,6.4,6.4,5.6,1,1,1,0,0.0,0,,,github-corrective-prs,,0,0,unavailable (no GitHub issues — needs Jira),2026-09-04T13:25:03Z
2026-06,2026-06-01,2026-07-01,repo,cpp-context-system-scheduling,cpp-context-system-scheduling,1,3,0,0,1,4268.9,4268.9,,,0,0.0,1,0,1,100.0,0.0,66.5,1986.6,3,66.5,1986.6,3,,,0,0.0,team-branch,0,,,0,0.0,0.0,3,100.0,2228.4,4210.9,0,0,0,,,,0,0,0,0,0.0,0,,,github-corrective-prs,,0,0,unavailable (no GitHub issues — needs Jira),2026-09-04T13:25:03Z
2026-06,2026-06-01,2026-07-01,repo,cpp-context-unifiedsearch-query,cpp-context-unifiedsearch-query,1,5,0,0,3,17.6,152.5,,,0,0.0,3,0,1,33.3,0.0,0.9,38.4,5,0.9,38.4,5,,,0,0.0,team-branch,0,,,0,0.0,0.0,5,100.0,1973.0,2083.9,0,0,0,,,,0,0,0,0,0.0,0,,,github-corrective-prs,,0,0,unavailable (no GitHub issues — needs Jira),2026-09-04T13:25:03Z
2026-06,2026-06-01,2026-07-01,repo,cpp-context-users-groups,cpp-context-users-groups,1,10,0,0,10,1.9,51.1,,,0,0.0,10,0,0,0.0,100.0,1.9,51.1,10,1.9,51.1,10,,,0,0.0,team-branch,0,,,0,0.0,0.0,10,100.0,1897.9,2017.3,0,0,0,,,,0,0,0,0,0.0,0,,,github-corrective-prs,,0,4,unavailable (no GitHub issues — needs Jira),2026-09-04T13:25:03Z
2026-06,2026-06-01,2026-07-01,repo,cpp-context-work-management-proxy,cpp-context-work-management-proxy,1,5,0,3,5,0.3,211.0,,,0,0.0,5,0,1,20.0,80.0,0.3,9.5,5,0.3,9.5,5,,,0,0.0,team-branch,0,,,0,0.0,0.0,5,100.0,1584.0,1635.8,0,0,0,,,,0,0,0,0,0.0,0,,,github-corrective-prs,,0,0,unavailable (no GitHub issues — needs Jira),2026-09-04T13:25:03Z
2026-06,2026-06-01,2026-07-01,repo,cpp-ui-ai-intelligence,cpp-ui-ai-intelligence,1,3,0,0,3,26.0,126.7,,,1,33.3,3,1,1,33.3,66.7,10.5,21.3,3,10.5,21.3,3,,,0,0.0,team-branch,0,1033.1,1033.1,1,33.3,33.3,2,66.7,1664.3,1718.3,0,0,0,,,,0,0,0,0,0.0,0,,,github-corrective-prs,,0,0,unavailable (no GitHub issues — needs Jira),2026-09-04T13:25:03Z
2026-06,2026-06-01,2026-07-01,repo,cpp-ui-audit-reports,cpp-ui-audit-reports,1,0,0,2,0,,,,,0,,0,0,0,,,,,0,,,0,,,0,,team-branch,0,,,0,,,0,,,,0,0,0,,,,0,0,0,0,,0,,,github-corrective-prs,,0,0,unavailable (no GitHub issues — needs Jira),2026-09-04T13:25:03Z
2026-06,2026-06-01,2026-07-01,repo,cpp-ui-bulkscan,cpp-ui-bulkscan,1,2,0,0,2,90.1,146.0,,,0,0.0,2,0,1,50.0,50.0,13.9,16.5,2,13.9,16.5,2,,,0,0.0,unclassified,0,,,0,0.0,0.0,2,100.0,1721.3,1735.2,0,0,0,,,,0,0,0,0,0.0,0,,,github-corrective-prs,,0,0,unavailable (no GitHub issues — needs Jira),2026-09-04T13:25:03Z
2026-06,2026-06-01,2026-07-01,repo,cpp-ui-case-management,cpp-ui-case-management,1,2,0,0,2,90.3,146.1,,,0,0.0,2,0,1,50.0,50.0,5.8,9.2,2,5.8,9.2,2,,,0,0.0,team-branch,0,,,0,0.0,0.0,2,100.0,1735.1,1739.7,0,0,0,,,,0,0,0,0,0.0,0,,,github-corrective-prs,,0,0,unavailable (no GitHub issues — needs Jira),2026-09-04T13:25:03Z
2026-06,2026-06-01,2026-07-01,repo,cpp-ui-courtscheduler,cpp-ui-courtscheduler,1,0,0,0,0,,,,,0,,0,0,0,,,,,0,,,0,,,0,,unclassified,0,,,0,,,0,,,,0,0,0,,,,0,0,0,0,,0,,,github-corrective-prs,,0,0,unavailable (no GitHub issues — needs Jira),2026-09-04T13:25:03Z
2026-06,2026-06-01,2026-07-01,repo,cpp-ui-defence,cpp-ui-defence,1,1,0,0,1,3.4,3.4,,,0,0.0,1,0,0,0.0,100.0,3.4,3.4,1,3.4,3.4,1,,,0,0.0,team-branch,0,,,0,0.0,0.0,1,100.0,1873.7,1873.7,0,0,0,,,,0,0,0,0,0.0,0,,,github-corrective-prs,,0,0,unavailable (no GitHub issues — needs Jira),2026-09-04T13:25:03Z
2026-06,2026-06-01,2026-07-01,repo,cpp-ui-external-services,cpp-ui-external-services,1,1,0,0,1,14.3,14.3,,,0,0.0,1,0,0,0.0,100.0,14.3,14.3,1,14.3,14.3,1,,,0,0.0,unclassified,0,,,0,0.0,0.0,1,100.0,1723.6,1723.6,0,0,0,,,,0,0,0,0,0.0,0,,,github-corrective-prs,,0,0,unavailable (no GitHub issues — needs Jira),2026-09-04T13:25:03Z
2026-06,2026-06-01,2026-07-01,repo,cpp-ui-hearing,cpp-ui-hearing,1,0,0,0,0,,,,,0,,0,0,0,,,,,0,,,0,,,0,,team-branch,0,,,0,,,0,,,,0,0,0,,,,0,0,0,0,,0,,,github-corrective-prs,,0,0,unavailable (no GitHub issues — needs Jira),2026-09-04T13:25:03Z
2026-06,2026-06-01,2026-07-01,repo,cpp-ui-home,cpp-ui-home,1,0,0,0,0,,,,,0,,0,0,0,,,,,0,,,0,,,0,,team-branch,0,,,0,,,0,,,,0,0,0,,,,0,0,0,0,,0,,,github-corrective-prs,,0,0,unavailable (no GitHub issues — needs Jira),2026-09-04T13:25:03Z
2026-06,2026-06-01,2026-07-01,repo,cpp-ui-listing,cpp-ui-listing,1,0,0,0,0,,,,,0,,0,0,0,,,,,0,,,0,,,0,,team-branch,0,,,0,,,0,,,,0,0,0,,,,0,0,0,0,,0,,,github-corrective-prs,,0,0,unavailable (no GitHub issues — needs Jira),2026-09-04T13:25:03Z
2026-06,2026-06-01,2026-07-01,repo,cpp-ui-managepermissions,cpp-ui-managepermissions,1,1,0,0,1,14.3,14.3,,,0,0.0,1,0,0,0.0,100.0,14.3,14.3,1,14.3,14.3,1,,,0,0.0,unclassified,0,,,0,0.0,0.0,1,100.0,1723.7,1723.7,0,0,0,,,,0,0,0,0,0.0,0,,,github-corrective-prs,,0,0,unavailable (no GitHub issues — needs Jira),2026-09-04T13:25:03Z
2026-06,2026-06-01,2026-07-01,repo,cpp-ui-opami,cpp-ui-opami,1,2,1,0,2,90.1,146.0,,,0,0.0,2,0,1,50.0,50.0,5.3,8.8,2,5.3,8.8,2,,,0,0.0,team-branch,0,,,0,0.0,0.0,2,100.0,1674.2,1721.2,0,0,0,,,,0,0,0,0,0.0,0,,,github-corrective-prs,,0,0,unavailable (no GitHub issues — needs Jira),2026-09-04T13:25:03Z
2026-06,2026-06-01,2026-07-01,repo,cpp-ui-prosecution-casefile,cpp-ui-prosecution-casefile,1,23,4,3,19,18.3,101.9,,,0,5.3,19,1,1,5.3,10.5,6.2,53.7,23,4.7,31.4,20,16.7,276.1,3,13.0,team-branch,0,16.7,276.1,3,13.0,17.4,19,82.6,2084.3,2265.9,1,0,0,22.8,22.8,6.7,1,1,1,0,8.7,2,,,github-corrective-prs,,0,0,unavailable (no GitHub issues — needs Jira),2026-09-04T13:25:03Z
2026-06,2026-06-01,2026-07-01,repo,cpp-ui-prosecutor,cpp-ui-prosecutor,1,0,0,0,0,,,,,0,,0,0,0,,,,,0,,,0,,,0,,team-branch,0,,,0,,,0,,,,0,0,0,,,,0,0,0,0,,0,,,github-corrective-prs,,0,0,unavailable (no GitHub issues — needs Jira),2026-09-04T13:25:03Z
2026-06,2026-06-01,2026-07-01,repo,cpp-ui-sjp,cpp-ui-sjp,1,3,2,0,3,11.6,122.5,,,0,0.0,3,0,1,33.3,33.3,3.5,9.2,3,3.5,9.2,3,,,0,0.0,team-branch,0,,,0,0.0,0.0,3,100.0,1703.4,1822.7,0,0,0,,,,0,0,0,0,0.0,0,,,github-corrective-prs,,0,0,unavailable (no GitHub issues — needs Jira),2026-09-04T13:25:03Z
2026-06,2026-06-01,2026-07-01,repo,cpp-ui-subscriptions,cpp-ui-subscriptions,1,2,0,0,2,90.2,146.0,,,0,0.0,2,0,1,50.0,50.0,5.3,8.9,2,5.3,8.9,2,,,0,0.0,team-branch,0,,,0,0.0,0.0,2,100.0,1711.5,1732.4,0,0,0,,,,0,0,0,0,0.0,0,,,github-corrective-prs,,0,0,unavailable (no GitHub issues — needs Jira),2026-09-04T13:25:03Z
2026-06,2026-06-01,2026-07-01,repo,cpp-ui-work-management,cpp-ui-work-management,1,2,0,0,2,90.2,146.0,,,0,0.0,2,0,1,50.0,50.0,5.3,8.9,2,5.3,8.9,2,,,0,0.0,team-branch,0,,,0,0.0,0.0,2,100.0,1721.6,1735.5,0,0,0,,,,0,0,0,0,0.0,0,,,github-corrective-prs,,0,0,unavailable (no GitHub issues — needs Jira),2026-09-04T13:25:03Z
2026-06,2026-06-01,2026-07-01,repo,service-cp-caseadmin-case-urn-mapper,service-cp-caseadmin-case-urn-mapper,1,2,2,0,2,9.9,15.0,,,0,,0,0,0,0.0,50.0,9.9,15.0,2,,,0,9.9,15.0,2,100.0,trunk-based,1,9.9,15.0,2,100.0,100.0,0,0.0,,,0,0,0,,,,0,0,0,0,0.0,0,,,github-corrective-prs,,0,0,unavailable (no GitHub issues — needs Jira),2026-09-04T13:25:03Z
2026-06,2026-06-01,2026-07-01,repo,service-cp-crime-prosecution-case-details,service-cp-crime-prosecution-case-details,1,3,5,0,3,0.7,4.4,,,0,,0,0,0,0.0,100.0,0.7,4.4,3,,,0,0.7,4.4,3,100.0,trunk-based,1,0.7,4.4,3,100.0,100.0,0,0.0,,,0,0,0,,,,0,0,0,0,33.3,1,,,github-corrective-prs,,0,0,unavailable (no GitHub issues — needs Jira),2026-09-04T13:25:03Z
2026-06,2026-06-01,2026-07-01,repo,service-cp-crime-scheduleandlist-courtschedule,service-cp-crime-scheduleandlist-courtschedule,1,3,0,0,3,0.7,4.4,,,0,,0,0,0,0.0,100.0,0.7,4.4,3,,,0,0.7,4.4,3,100.0,trunk-based,1,0.7,4.4,3,100.0,100.0,0,0.0,,,0,0,0,,,,0,0,0,0,33.3,1,,,github-corrective-prs,,0,0,unavailable (no GitHub issues — needs Jira),2026-09-04T13:25:03Z
2026-06,2026-06-01,2026-07-01,repo,service-cp-refdata-courthearing-courthouses,service-cp-refdata-courthearing-courthouses,1,3,0,0,3,0.7,4.4,,,0,,0,0,0,0.0,100.0,0.7,4.4,3,,,0,0.7,4.4,3,100.0,trunk-based,1,0.7,4.4,3,100.0,100.0,0,0.0,,,0,0,0,,,,0,0,0,0,33.3,1,,,github-corrective-prs,,0,0,unavailable (no GitHub issues — needs Jira),2026-09-04T13:25:03Z
2026-07,2026-07-01,2026-08-01,area,Case Administration,Case Administration,25,141,18,39,130,6.3,135.3,,,1,2.3,87,2,12,9.2,34.6,2.0,110.9,141,1.2,116.6,100,5.9,48.7,40,28.6,mixed,3,6.3,51.3,41,29.1,29.8,99,70.2,1251.4,1563.3,1,0,0,16.2,65.7,9.3,19,9,0,10,3.5,5,,,github-corrective-prs,,0,1,unavailable (no GitHub issues — needs Jira),2026-09-04T13:25:04Z
2026-07,2026-07-01,2026-08-01,area,Case Ingestion,Case Ingestion,6,26,0,5,16,106.9,1664.0,,,0,0.0,15,0,5,31.2,18.8,1.6,198.6,26,1.6,204.4,24,2.2,2.7,2,7.7,team-branch,0,2.2,2.7,2,7.7,7.7,24,92.3,1225.7,1503.1,0,0,0,,,,0,0,0,0,0.0,0,,,github-corrective-prs,,0,0,unavailable (no GitHub issues — needs Jira),2026-09-04T13:25:04Z
2026-07,2026-07-01,2026-08-01,area,Court Hearing,Court Hearing,12,51,3,16,46,20.6,370.3,,,0,7.9,38,3,7,15.2,32.6,2.1,167.7,51,1.9,146.4,42,2.7,219.0,9,17.6,team-branch,0,2.7,219.0,9,17.6,21.6,40,78.4,1238.6,1512.0,2,0,0,13.8,15.4,10.1,5,2,0,3,0.0,0,,,github-corrective-prs,,0,1,unavailable (no GitHub issues — needs Jira),2026-09-04T13:25:04Z
2026-07,2026-07-01,2026-08-01,area,DLRM,DLRM,2,10,0,4,10,18.9,24.0,,,0,0.0,10,0,0,0.0,20.0,18.9,24.0,10,18.9,24.0,10,,,0,0.0,team-branch,0,,,0,0.0,0.0,10,100.0,1031.6,1285.5,0,0,0,36.6,37.0,10.3,2,2,0,0,0.0,0,,,github-corrective-prs,,0,0,unavailable (no GitHub issues — needs Jira),2026-09-04T13:25:04Z
2026-07,2026-07-01,2026-08-01,area,Management Information System,Management Information System,6,13,0,1,8,203.6,1577.3,,,0,0.0,8,0,1,12.5,12.5,25.9,1775.2,13,25.9,1775.2,13,,,0,0.0,mixed,1,,,0,0.0,0.0,13,100.0,1057.1,3241.2,0,0,0,,,,0,0,0,0,0.0,0,,,github-corrective-prs,,0,0,unavailable (no GitHub issues — needs Jira),2026-09-04T13:25:04Z
2026-07,2026-07-01,2026-08-01,area,Platform Engineering,Platform Engineering,17,51,3,15,34,8.6,696.5,,,0,3.3,30,1,10,29.4,35.3,1.6,490.9,51,1.3,265.4,44,5.1,1121.4,7,13.7,mixed,1,5.1,1121.4,7,13.7,17.6,42,82.4,1345.8,1558.7,2,0,0,,,9.8,2,0,0,2,2.0,1,,,github-corrective-prs,,0,1,unavailable (no GitHub issues — needs Jira),2026-09-04T13:25:04Z
2026-07,2026-07-01,2026-08-01,area,Scheduling & Listing System,Scheduling & Listing System,7,62,4,14,52,7.2,229.7,,,0,16.7,48,8,6,11.5,48.1,2.2,41.3,62,4.1,43.4,58,0.4,1.3,3,4.9,mixed,1,0.4,1.3,3,4.8,22.6,48,77.4,1201.7,1440.0,11,0,0,16.7,20.5,9.6,2,2,0,0,8.1,5,,,github-corrective-prs,,0,2,unavailable (no GitHub issues — needs Jira),2026-09-04T13:25:04Z
2026-07,2026-07-01,2026-08-01,model,unclassified,Too few changes to classify,9,3,0,1,1,328.9,328.9,,,0,0.0,1,0,0,0.0,0.0,0.6,211.3,3,0.6,211.3,3,,,0,0.0,unclassified,0,,,0,0.0,0.0,3,100.0,1397.4,1624.5,0,0,0,11.4,11.4,10.1,1,1,0,0,33.3,1,,,github-corrective-prs,,0,0,unavailable (no GitHub issues — needs Jira),2026-09-04T13:25:06Z
2026-07,2026-07-01,2026-08-01,model,trunk-based,"Trunk-based, no integration branch",6,20,9,1,21,16.7,25.8,,,0,,0,0,0,0.0,71.4,16.6,29.1,20,,,0,16.6,29.1,20,100.0,trunk-based,6,16.6,29.1,20,100.0,100.0,0,0.0,,,0,0,0,,,,0,0,0,0,0.0,0,,,github-corrective-prs,,0,0,unavailable (no GitHub issues — needs Jira),2026-09-04T13:25:06Z
2026-07,2026-07-01,2026-08-01,model,team-branch,Via an integration branch,60,331,19,92,253,8.4,229.7,,,1,6.4,219,14,20,7.9,34.8,2.1,160.2,331,2.1,146.5,288,2.1,169.8,41,12.5,team-branch,0,2.4,227.2,42,12.7,17.5,273,82.5,1228.8,1557.8,16,0,0,16.3,42.0,9.4,29,14,0,15,3.0,10,,,github-corrective-prs,,0,5,unavailable (no GitHub issues — needs Jira),2026-09-04T13:25:06Z
2026-07,2026-07-01,2026-08-01,product,advocate-portal,Advocate Portal,2,1,0,1,2,16.7,16.7,,,0,,0,0,0,0.0,0.0,16.7,16.7,1,,,0,16.7,16.7,1,100.0,team-branch,0,16.7,16.7,1,100.0,100.0,0,0.0,,,0,0,0,10.1,10.1,9.4,1,1,0,0,0.0,0,,,github-corrective-prs,,0,0,unavailable (no GitHub issues — needs Jira),2026-09-04T13:25:05Z
2026-07,2026-07-01,2026-08-01,product,audit-system,Audit System,3,0,0,0,0,,,,,0,,0,0,0,,,,,0,,,0,,,0,,mixed,1,,,0,,,0,,,,0,0,0,,,,0,0,0,0,,0,,,github-corrective-prs,,0,0,unavailable (no GitHub issues — needs Jira),2026-09-04T13:25:05Z
2026-07,2026-07-01,2026-08-01,product,case-document-knowledge-system,Case Document Knowledge,3,35,4,3,36,16.6,69.0,,,1,8.3,12,1,1,2.8,61.1,13.7,66.8,35,12.8,70.6,12,15.1,25.7,22,64.7,mixed,1,16.5,41.5,23,65.7,65.7,12,34.3,1130.6,1438.0,0,0,0,197.0,197.0,16.2,2,1,0,1,2.9,1,,,github-corrective-prs,,0,0,unavailable (no GitHub issues — needs Jira),2026-09-04T13:25:05Z
2026-07,2026-07-01,2026-08-01,product,case-management-system,Case Management System,17,101,12,34,88,3.7,169.8,,,0,1.4,72,1,11,12.5,22.7,1.3,116.8,101,1.3,124.4,85,1.2,42.8,16,15.8,mixed,2,1.2,42.8,16,15.8,16.8,84,83.2,1262.0,1563.9,1,0,0,16.4,53.1,9.3,14,5,0,9,4.0,4,,,github-corrective-prs,,0,1,unavailable (no GitHub issues — needs Jira),2026-09-04T13:25:05Z
2026-07,2026-07-01,2026-08-01,product,cpci,Common Platform Civil Interface (CPCI),1,17,0,3,13,112.2,2164.5,,,0,0.0,12,0,4,30.8,15.4,13.3,205.3,17,18.1,208.2,16,2.9,2.9,1,5.9,team-branch,0,2.9,2.9,1,5.9,5.9,16,94.1,1233.1,1576.7,0,0,0,,,,0,0,0,0,0.0,0,,,github-corrective-prs,,0,0,unavailable (no GitHub issues — needs Jira),2026-09-04T13:25:05Z
2026-07,2026-07-01,2026-08-01,product,cppi,Common Platform Prosecutor Interface (CPPI),1,5,0,2,4,39.0,1426.3,,,0,0.0,3,0,3,75.0,25.0,1.1,6.8,5,0.7,8.6,4,1.5,1.5,1,20.0,team-branch,0,1.5,1.5,1,20.0,20.0,4,80.0,1235.2,1244.9,0,0,0,,,,0,0,0,0,0.0,0,,,github-corrective-prs,,0,0,unavailable (no GitHub issues — needs Jira),2026-09-04T13:25:05Z
2026-07,2026-07-01,2026-08-01,product,cp-user-interface,Common Platform User Interface,1,0,0,0,0,,,,,0,,0,0,0,,,,,0,,,0,,,0,,team-branch,0,,,0,,,0,,,,0,0,0,,,,0,0,0,0,,0,,,github-corrective-prs,,0,0,unavailable (no GitHub issues — needs Jira),2026-09-04T13:25:05Z
2026-07,2026-07-01,2026-08-01,product,document-generation-system,Document Generation System,1,32,1,4,23,12.1,1243.7,,,0,0.0,19,0,9,39.1,21.7,1.0,46.4,32,0.8,17.1,29,3.4,1043.3,3,9.4,team-branch,0,3.4,1043.3,3,9.4,9.4,29,90.6,1270.8,1554.1,0,0,0,,,9.3,1,0,0,1,3.1,1,,,github-corrective-prs,,0,0,unavailable (no GitHub issues — needs Jira),2026-09-04T13:25:05Z
2026-07,2026-07-01,2026-08-01,product,document-ingestion-system,Document Ingestion System,3,0,0,0,0,,,,,0,,0,0,0,,,,,0,,,0,,,0,,team-branch,0,,,0,,,0,,,,0,0,0,,,,0,0,0,0,,0,,,github-corrective-prs,,0,0,unavailable (no GitHub issues — needs Jira),2026-09-04T13:25:05Z
2026-07,2026-07-01,2026-08-01,product,file-service-system,File Service,1,0,0,0,0,,,,,0,,0,0,0,,,,,0,,,0,,,0,,unclassified,0,,,0,,,0,,,,0,0,0,,,,0,0,0,0,,0,,,github-corrective-prs,,0,0,unavailable (no GitHub issues — needs Jira),2026-09-04T13:25:05Z
2026-07,2026-07-01,2026-08-01,product,hearing-system,Hearing System,5,32,2,8,29,24.5,344.5,,,0,12.5,24,3,3,10.3,24.1,2.0,161.3,32,1.7,146.3,27,26.6,290.5,5,15.6,team-branch,0,26.6,290.5,5,15.6,21.9,25,78.1,1319.3,1393.5,2,0,0,11.4,11.4,10.1,4,1,0,3,0.0,0,,,github-corrective-prs,,0,1,unavailable (no GitHub issues — needs Jira),2026-09-04T13:25:05Z
2026-07,2026-07-01,2026-08-01,product,id-mapper-system,Id Mapper System,1,0,0,0,0,,,,,0,,0,0,0,,,,,0,,,0,,,0,,team-branch,0,,,0,,,0,,,,0,0,0,,,,0,0,0,0,,0,,,github-corrective-prs,,0,0,unavailable (no GitHub issues — needs Jira),2026-09-04T13:25:05Z
2026-07,2026-07-01,2026-08-01,product,legacy-case-migration-system,Legacy Case Migration System,2,10,0,4,10,18.9,24.0,,,0,0.0,10,0,0,0.0,20.0,18.9,24.0,10,18.9,24.0,10,,,0,0.0,team-branch,0,,,0,0.0,0.0,10,100.0,1031.6,1285.5,0,0,0,36.6,37.0,10.3,2,2,0,0,0.0,0,,,github-corrective-prs,,0,0,unavailable (no GitHub issues — needs Jira),2026-09-04T13:25:05Z
2026-07,2026-07-01,2026-08-01,product,management-information-system,Management Information System,3,13,0,1,8,203.6,1577.3,,,0,0.0,8,0,1,12.5,12.5,25.9,1775.2,13,25.9,1775.2,13,,,0,0.0,team-branch,0,,,0,0.0,0.0,13,100.0,1057.1,3241.2,0,0,0,,,,0,0,0,0,0.0,0,,,github-corrective-prs,,0,0,unavailable (no GitHub issues — needs Jira),2026-09-04T13:25:05Z
2026-07,2026-07-01,2026-08-01,product,notify-system,Notify System,1,2,1,0,2,335.7,570.5,,,0,0.0,2,0,1,50.0,50.0,0.7,1.0,2,0.7,1.0,2,,,0,0.0,team-branch,0,,,0,0.0,0.0,2,100.0,1513.5,1515.0,0,0,0,,,,0,0,0,0,0.0,0,,,github-corrective-prs,,0,0,unavailable (no GitHub issues — needs Jira),2026-09-04T13:25:05Z
2026-07,2026-07-01,2026-08-01,product,reference-data-system,Reference Data System,4,14,1,10,10,524.7,2039.2,,,0,12.5,8,1,4,40.0,30.0,117.5,575.4,14,117.5,494.3,10,287.6,850.8,4,28.6,mixed,1,287.6,850.8,4,28.6,42.9,8,57.1,1347.5,1863.9,2,0,0,,,10.2,1,0,0,1,0.0,0,,,github-corrective-prs,,0,1,unavailable (no GitHub issues — needs Jira),2026-09-04T13:25:05Z
2026-07,2026-07-01,2026-08-01,product,results-distribution-system,Results Distribution System,7,19,1,8,17,15.6,697.9,,,0,0.0,14,0,4,23.5,47.1,2.1,186.8,19,2.1,255.8,15,2.4,81.4,4,21.1,team-branch,0,2.4,81.4,4,21.1,21.1,15,78.9,1219.5,1561.9,0,0,0,16.2,16.2,10.1,1,1,0,0,0.0,0,,,github-corrective-prs,,0,0,unavailable (no GitHub issues — needs Jira),2026-09-04T13:25:05Z
2026-07,2026-07-01,2026-08-01,product,scheduling-system,Scheduling System,1,0,0,0,0,,,,,0,,0,0,0,,,,,0,,,0,,,0,,team-branch,0,,,0,,,0,,,,0,0,0,,,,0,0,0,0,,0,,,github-corrective-prs,,0,0,unavailable (no GitHub issues — needs Jira),2026-09-04T13:25:05Z
2026-07,2026-07-01,2026-08-01,product,scheduling-and-listing-system,Scheduling and Listing System,7,62,4,14,52,7.2,229.7,,,0,16.7,48,8,6,11.5,48.1,2.2,41.3,62,4.1,43.4,58,0.4,1.3,3,4.9,mixed,1,0.4,1.3,3,4.8,22.6,48,77.4,1201.7,1440.0,11,0,0,16.7,20.5,9.6,2,2,0,0,8.1,5,,,github-corrective-prs,,0,2,unavailable (no GitHub issues — needs Jira),2026-09-04T13:25:05Z
2026-07,2026-07-01,2026-08-01,product,spi,Standard Prosecutor Interface (SPI),1,4,0,0,1,455.9,455.9,,,0,0.0,1,0,0,0.0,0.0,1.5,210.0,4,1.5,210.0,4,,,0,0.0,team-branch,0,,,0,0.0,0.0,4,100.0,1010.0,1220.6,0,0,0,,,,0,0,0,0,0.0,0,,,github-corrective-prs,,0,0,unavailable (no GitHub issues — needs Jira),2026-09-04T13:25:05Z
2026-07,2026-07-01,2026-08-01,product,support-system,Support System,1,1,0,0,1,2.2,2.2,,,0,0.0,1,0,0,0.0,100.0,2.2,2.2,1,2.2,2.2,1,,,0,0.0,team-branch,0,,,0,0.0,0.0,1,100.0,864.3,864.3,0,0,0,,,,0,0,0,0,0.0,0,,,github-corrective-prs,,0,0,unavailable (no GitHub issues — needs Jira),2026-09-04T13:25:05Z
2026-07,2026-07-01,2026-08-01,product,ssystem-announcement-system,System Announcement System,1,0,0,0,0,,,,,0,,0,0,0,,,,,0,,,0,,,0,,team-branch,0,,,0,,,0,,,,0,0,0,,,,0,0,0,0,,0,,,github-corrective-prs,,0,0,unavailable (no GitHub issues — needs Jira),2026-09-04T13:25:05Z
2026-07,2026-07-01,2026-08-01,product,ui-notification-system,UI Notification System,1,0,0,0,0,,,,,0,,0,0,0,,,,,0,,,0,,,0,,team-branch,0,,,0,,,0,,,,0,0,0,,,,0,0,0,0,,0,,,github-corrective-prs,,0,0,unavailable (no GitHub issues — needs Jira),2026-09-04T13:25:05Z
2026-07,2026-07-01,2026-08-01,product,users-and-groups-system,Users and Groups System,4,2,0,1,2,2.4,4.0,,,0,0.0,2,0,0,0.0,100.0,2.4,4.0,2,2.4,4.0,2,,,0,0.0,team-branch,0,,,0,0.0,0.0,2,100.0,1476.8,1516.8,0,0,0,,,,0,0,0,0,0.0,0,,,github-corrective-prs,,0,0,unavailable (no GitHub issues — needs Jira),2026-09-04T13:25:05Z
2026-07,2026-07-01,2026-08-01,product,work-management-system,Work Management System,3,4,2,1,4,0.3,92.2,,,0,0.0,3,0,0,0.0,75.0,0.3,92.2,4,0.2,0.4,3,167.3,167.3,1,25.0,team-branch,0,167.3,167.3,1,25.0,25.0,3,75.0,1533.3,1555.6,0,0,0,14.2,15.6,7.2,2,2,0,0,0.0,0,,,github-corrective-prs,,0,0,unavailable (no GitHub issues — needs Jira),2026-09-04T13:25:05Z
2026-07,2026-07-01,2026-08-01,repo,cp-ai-rag-service,cp-ai-rag-service,1,20,3,1,21,16.7,25.8,,,0,,0,0,0,0.0,71.4,16.6,29.1,20,,,0,16.6,29.1,20,100.0,trunk-based,1,16.6,29.1,20,100.0,100.0,0,0.0,,,0,0,0,,,,0,0,0,0,0.0,0,,,github-corrective-prs,,0,0,unavailable (no GitHub issues — needs Jira),2026-09-04T13:25:05Z
2026-07,2026-07-01,2026-08-01,repo,cp-audit-reports-service-v2,cp-audit-reports-service-v2,1,0,0,0,0,,,,,0,,0,0,0,,,,,0,,,0,,,0,,trunk-based,1,,,0,,,0,,,,0,0,0,,,,0,0,0,0,,0,,,github-corrective-prs,,0,0,unavailable (no GitHub issues — needs Jira),2026-09-04T13:25:05Z
2026-07,2026-07-01,2026-08-01,repo,cp-case-document-knowledge-service,cp-case-document-knowledge-service,1,14,1,1,14,1.3,69.6,,,0,0.0,11,0,1,7.1,50.0,0.8,67.7,14,1.0,68.5,11,0.9,1.4,2,15.4,team-branch,0,0.9,1.4,2,14.3,14.3,12,85.7,1130.6,1438.0,0,0,0,,,23.2,1,0,0,1,7.1,1,,,github-corrective-prs,,0,0,unavailable (no GitHub issues — needs Jira),2026-09-04T13:25:05Z
2026-07,2026-07-01,2026-08-01,repo,cp-court-list-publishing-service,cp-court-list-publishing-service,1,5,0,1,6,6.7,154.8,,,0,0.0,6,0,1,16.7,16.7,0.7,67.0,5,0.7,67.0,5,,,0,0.0,team-branch,0,,,0,0.0,0.0,5,100.0,1437.8,1570.8,0,0,0,,,,0,0,0,0,0.0,0,,,github-corrective-prs,,0,1,unavailable (no GitHub issues — needs Jira),2026-09-04T13:25:05Z
2026-07,2026-07-01,2026-08-01,repo,cp-file-service,cp-file-service,1,0,0,0,0,,,,,0,,0,0,0,,,,,0,,,0,,,0,,unclassified,0,,,0,,,0,,,,0,0,0,,,,0,0,0,0,,0,,,github-corrective-prs,,0,0,unavailable (no GitHub issues — needs Jira),2026-09-04T13:25:05Z
2026-07,2026-07-01,2026-08-01,repo,cpp-context-applications-courtorders,cpp-context-applications-courtorders,1,3,0,1,4,3750.9,4074.5,,,0,0.0,4,0,3,75.0,0.0,165.6,1680.8,3,165.6,1680.8,3,,,0,0.0,team-branch,0,,,0,0.0,0.0,3,100.0,1371.7,3015.8,0,0,0,,,9.2,1,0,0,1,0.0,0,,,github-corrective-prs,,0,0,unavailable (no GitHub issues — needs Jira),2026-09-04T13:25:05Z
2026-07,2026-07-01,2026-08-01,repo,cpp-context-archiving,cpp-context-archiving,1,0,0,0,0,,,,,0,,0,0,0,,,,,0,,,0,,,0,,team-branch,0,,,0,,,0,,,,0,0,0,,,,0,0,0,0,,0,,,github-corrective-prs,,0,0,unavailable (no GitHub issues — needs Jira),2026-09-04T13:25:05Z
2026-07,2026-07-01,2026-08-01,repo,cpp-context-audit2dls,cpp-context-audit2dls,1,0,0,0,0,,,,,0,,0,0,0,,,,,0,,,0,,,0,,team-branch,0,,,0,,,0,,,,0,0,0,,,,0,0,0,0,,0,,,github-corrective-prs,,0,0,unavailable (no GitHub issues — needs Jira),2026-09-04T13:25:05Z
2026-07,2026-07-01,2026-08-01,repo,cpp-context-azure-legalaidagency,cpp-context-azure-legalaidagency,1,5,1,3,5,145.9,1489.3,,,0,0.0,3,0,2,40.0,20.0,2.7,399.0,5,0.4,545.2,3,74.3,124.4,2,40.0,team-branch,0,74.3,124.4,2,40.0,40.0,3,60.0,1415.5,1981.3,0,0,0,16.2,16.2,10.1,1,1,0,0,0.0,0,,,github-corrective-prs,,0,0,unavailable (no GitHub issues — needs Jira),2026-09-04T13:25:05Z
2026-07,2026-07-01,2026-08-01,repo,cpp-context-boxworkmanagement,cpp-context-boxworkmanagement,1,2,1,0,2,0.4,0.4,,,0,0.0,2,0,0,0.0,100.0,0.4,0.4,2,0.4,0.4,2,,,0,0.0,team-branch,0,,,0,0.0,0.0,2,100.0,1547.8,1558.5,0,0,0,,,,0,0,0,0,0.0,0,,,github-corrective-prs,,0,0,unavailable (no GitHub issues — needs Jira),2026-09-04T13:25:05Z
2026-07,2026-07-01,2026-08-01,repo,cpp-context-businessprocesses,cpp-context-businessprocesses,1,3,1,1,3,0.4,117.3,,,0,0.0,2,0,0,0.0,66.7,0.4,117.3,3,0.3,0.4,2,167.3,167.3,1,33.3,team-branch,0,167.3,167.3,1,33.3,33.3,2,66.7,1549.2,1560.3,0,0,0,14.2,15.6,7.2,2,2,0,0,0.0,0,,,github-corrective-prs,,0,0,unavailable (no GitHub issues — needs Jira),2026-09-04T13:25:05Z
2026-07,2026-07-01,2026-08-01,repo,cpp-context-correspondence,cpp-context-correspondence,1,0,0,0,0,,,,,0,,0,0,0,,,,,0,,,0,,,0,,team-branch,0,,,0,,,0,,,,0,0,0,,,,0,0,0,0,,0,,,github-corrective-prs,,0,0,unavailable (no GitHub issues — needs Jira),2026-09-04T13:25:05Z
2026-07,2026-07-01,2026-08-01,repo,cpp-context-defence,cpp-context-defence,1,1,0,0,2,16.7,16.7,,,0,,0,0,0,0.0,0.0,16.7,16.7,1,,,0,16.7,16.7,1,100.0,team-branch,0,16.7,16.7,1,100.0,100.0,0,0.0,,,0,0,0,10.1,10.1,9.4,1,1,0,0,0.0,0,,,github-corrective-prs,,0,0,unavailable (no GitHub issues — needs Jira),2026-09-04T13:25:05Z
2026-07,2026-07-01,2026-08-01,repo,cpp-context-hearing,cpp-context-hearing,1,32,2,8,29,24.5,344.5,,,0,12.5,24,3,3,10.3,24.1,2.0,161.3,32,1.7,146.3,27,26.6,290.5,5,15.6,team-branch,0,26.6,290.5,5,15.6,21.9,25,78.1,1319.3,1393.5,2,0,0,11.4,11.4,10.1,4,1,0,3,0.0,0,,,github-corrective-prs,,0,1,unavailable (no GitHub issues — needs Jira),2026-09-04T13:25:05Z
2026-07,2026-07-01,2026-08-01,repo,cpp-context-hearing-nows,cpp-context-hearing-nows,1,2,0,0,2,1278.1,2172.2,,,0,0.0,1,0,1,50.0,0.0,1.4,1.9,2,0.7,0.7,1,2.1,2.1,1,50.0,team-branch,0,2.1,2.1,1,50.0,50.0,1,50.0,1562.3,1562.3,0,0,0,,,,0,0,0,0,0.0,0,,,github-corrective-prs,,0,0,unavailable (no GitHub issues — needs Jira),2026-09-04T13:25:05Z
2026-07,2026-07-01,2026-08-01,repo,cpp-context-idam-events-consumer,cpp-context-idam-events-consumer,1,0,0,0,0,,,,,0,,0,0,0,,,,,0,,,0,,,0,,unclassified,0,,,0,,,0,,,,0,0,0,,,,0,0,0,0,,0,,,github-corrective-prs,,0,0,unavailable (no GitHub issues — needs Jira),2026-09-04T13:25:05Z
2026-07,2026-07-01,2026-08-01,repo,cpp-context-listing,cpp-context-listing,1,42,3,6,34,16.6,308.8,,,0,17.6,34,6,5,14.7,44.1,4.2,45.2,42,4.2,45.2,42,,,0,0.0,team-branch,0,,,0,0.0,19.0,34,81.0,1201.7,1439.1,8,0,0,22.1,22.1,9.1,1,1,0,0,7.1,3,,,github-corrective-prs,,0,1,unavailable (no GitHub issues — needs Jira),2026-09-04T13:25:05Z
2026-07,2026-07-01,2026-08-01,repo,cpp-context-listing-courtscheduler,cpp-context-listing-courtscheduler,1,9,1,4,9,5.6,6.0,,,0,50.0,6,3,1,11.1,88.9,5.4,5.8,9,5.6,5.9,6,0.4,1.3,3,33.3,team-branch,0,0.4,1.3,3,33.3,66.7,3,33.3,1011.1,1011.2,3,0,0,,,,0,0,0,0,11.1,1,,,github-corrective-prs,,0,0,unavailable (no GitHub issues — needs Jira),2026-09-04T13:25:05Z
2026-07,2026-07-01,2026-08-01,repo,cpp-context-material,cpp-context-material,1,0,0,0,0,,,,,0,,0,0,0,,,,,0,,,0,,,0,,team-branch,0,,,0,,,0,,,,0,0,0,,,,0,0,0,0,,0,,,github-corrective-prs,,0,0,unavailable (no GitHub issues — needs Jira),2026-09-04T13:25:05Z
2026-07,2026-07-01,2026-08-01,repo,cpp-context-material-id-mapper,cpp-context-material-id-mapper,1,0,0,0,0,,,,,0,,0,0,0,,,,,0,,,0,,,0,,unclassified,0,,,0,,,0,,,,0,0,0,,,,0,0,0,0,,0,,,github-corrective-prs,,0,0,unavailable (no GitHub issues — needs Jira),2026-09-04T13:25:05Z
2026-07,2026-07-01,2026-08-01,repo,cpp-context-mi-reportdata,cpp-context-mi-reportdata,1,13,0,1,8,203.6,1577.3,,,0,0.0,8,0,1,12.5,12.5,25.9,1775.2,13,25.9,1775.2,13,,,0,0.0,team-branch,0,,,0,0.0,0.0,13,100.0,1057.1,3241.2,0,0,0,,,,0,0,0,0,0.0,0,,,github-corrective-prs,,0,0,unavailable (no GitHub issues — needs Jira),2026-09-04T13:25:05Z
2026-07,2026-07-01,2026-08-01,repo,cpp-context-mi-systemdata,cpp-context-mi-systemdata,1,0,0,0,0,,,,,0,,0,0,0,,,,,0,,,0,,,0,,team-branch,0,,,0,,,0,,,,0,0,0,,,,0,0,0,0,,0,,,github-corrective-prs,,0,0,unavailable (no GitHub issues — needs Jira),2026-09-04T13:25:05Z
2026-07,2026-07-01,2026-08-01,repo,cpp-context-notification,cpp-context-notification,1,0,0,0,0,,,,,0,,0,0,0,,,,,0,,,0,,,0,,team-branch,0,,,0,,,0,,,,0,0,0,,,,0,0,0,0,,0,,,github-corrective-prs,,0,0,unavailable (no GitHub issues — needs Jira),2026-09-04T13:25:05Z
2026-07,2026-07-01,2026-08-01,repo,cpp-context-notification-notify,cpp-context-notification-notify,1,2,1,0,2,335.7,570.5,,,0,0.0,2,0,1,50.0,50.0,0.7,1.0,2,0.7,1.0,2,,,0,0.0,team-branch,0,,,0,0.0,0.0,2,100.0,1513.5,1515.0,0,0,0,,,,0,0,0,0,0.0,0,,,github-corrective-prs,,0,0,unavailable (no GitHub issues — needs Jira),2026-09-04T13:25:05Z
2026-07,2026-07-01,2026-08-01,repo,cpp-context-progression,cpp-context-progression,1,44,1,18,37,13.9,118.6,,,0,0.0,32,0,6,16.2,35.1,1.2,46.2,44,1.2,65.2,41,1.1,12.4,3,6.8,team-branch,0,1.1,12.4,3,6.8,6.8,41,93.2,1223.2,1557.7,0,0,0,41.1,62.8,9.3,4,2,0,2,2.3,1,,,github-corrective-prs,,0,0,unavailable (no GitHub issues — needs Jira),2026-09-04T13:25:05Z
2026-07,2026-07-01,2026-08-01,repo,cpp-context-prosecution-casefile,cpp-context-prosecution-casefile,1,14,0,3,17,51.3,1738.2,,,0,0.0,12,0,4,23.5,17.6,5.3,330.0,14,6.3,900.5,11,1.4,36.3,3,21.4,team-branch,0,1.4,36.3,3,21.4,21.4,11,78.6,1371.4,2263.5,0,0,0,11.2,11.2,9.7,2,1,0,1,0.0,0,,,github-corrective-prs,,0,1,unavailable (no GitHub issues — needs Jira),2026-09-04T13:25:05Z
2026-07,2026-07-01,2026-08-01,repo,cpp-context-prosecution-casefile-dlrm,cpp-context-prosecution-casefile-dlrm,1,4,0,2,4,16.2,61.7,,,0,0.0,4,0,0,0.0,0.0,16.2,61.7,4,16.2,61.7,4,,,0,0.0,team-branch,0,,,0,0.0,0.0,4,100.0,1031.9,1291.8,0,0,0,36.1,36.1,10.3,1,1,0,0,0.0,0,,,github-corrective-prs,,0,0,unavailable (no GitHub issues — needs Jira),2026-09-04T13:25:05Z
2026-07,2026-07-01,2026-08-01,repo,cpp-context-prosecution-documentqueue,cpp-context-prosecution-documentqueue,1,0,0,0,0,,,,,0,,0,0,0,,,,,0,,,0,,,0,,team-branch,0,,,0,,,0,,,,0,0,0,,,,0,0,0,0,,0,,,github-corrective-prs,,0,0,unavailable (no GitHub issues — needs Jira),2026-09-04T13:25:05Z
2026-07,2026-07-01,2026-08-01,repo,cpp-context-reference-data,cpp-context-reference-data,1,7,1,5,7,676.3,2556.8,,,0,0.0,5,0,4,57.1,28.6,51.1,716.7,7,51.1,469.7,5,542.8,919.2,2,28.6,team-branch,0,542.8,919.2,2,28.6,28.6,5,71.4,888.2,1788.7,0,0,0,,,,0,0,0,0,0.0,0,,,github-corrective-prs,,0,1,unavailable (no GitHub issues — needs Jira),2026-09-04T13:25:05Z
2026-07,2026-07-01,2026-08-01,repo,cpp-context-referencedata-offences,cpp-context-referencedata-offences,1,7,0,5,6,524.7,2559.0,,,0,25.0,4,1,3,50.0,16.7,184.0,509.2,7,184.0,488.6,5,285.5,484.7,2,28.6,team-branch,0,285.5,484.7,2,28.6,57.1,3,42.9,1347.8,1715.1,2,0,0,,,10.2,1,0,0,1,0.0,0,,,github-corrective-prs,,0,0,unavailable (no GitHub issues — needs Jira),2026-09-04T13:25:05Z
2026-07,2026-07-01,2026-08-01,repo,cpp-context-resulting,cpp-context-resulting,1,0,0,0,0,,,,,0,,0,0,0,,,,,0,,,0,,,0,,team-branch,0,,,0,,,0,,,,0,0,0,,,,0,0,0,0,,0,,,github-corrective-prs,,0,0,unavailable (no GitHub issues — needs Jira),2026-09-04T13:25:05Z
2026-07,2026-07-01,2026-08-01,repo,cpp-context-results,cpp-context-results,1,8,0,4,8,148.9,2456.4,,,0,0.0,6,0,3,37.5,50.0,8.9,269.0,8,15.0,285.4,7,1.5,1.5,1,12.5,team-branch,0,1.5,1.5,1,12.5,12.5,7,87.5,1219.5,1524.6,0,0,0,,,,0,0,0,0,0.0,0,,,github-corrective-prs,,0,0,unavailable (no GitHub issues — needs Jira),2026-09-04T13:25:05Z
2026-07,2026-07-01,2026-08-01,repo,cpp-context-sjp,cpp-context-sjp,1,12,0,2,8,53.9,2443.3,,,0,0.0,5,0,5,62.5,12.5,3.5,21.7,12,3.5,24.0,10,4.2,6.6,2,16.7,team-branch,0,4.2,6.6,2,16.7,16.7,10,83.3,1235.5,1375.8,0,0,0,40.4,40.4,9.1,1,1,0,0,0.0,0,,,github-corrective-prs,,0,0,unavailable (no GitHub issues — needs Jira),2026-09-04T13:25:05Z
2026-07,2026-07-01,2026-08-01,repo,cpp-context-staging,cpp-context-staging,1,0,0,0,0,,,,,0,,0,0,0,,,,,0,,,0,,,0,,team-branch,0,,,0,,,0,,,,0,0,0,,,,0,0,0,0,,0,,,github-corrective-prs,,0,0,unavailable (no GitHub issues — needs Jira),2026-09-04T13:25:05Z
2026-07,2026-07-01,2026-08-01,repo,cpp-context-staging-bulkscan,cpp-context-staging-bulkscan,1,0,0,0,0,,,,,0,,0,0,0,,,,,0,,,0,,,0,,team-branch,0,,,0,,,0,,,,0,0,0,,,,0,0,0,0,,0,,,github-corrective-prs,,0,0,unavailable (no GitHub issues — needs Jira),2026-09-04T13:25:05Z
2026-07,2026-07-01,2026-08-01,repo,cpp-context-staging-darts,cpp-context-staging-darts,1,0,0,0,0,,,,,0,,0,0,0,,,,,0,,,0,,,0,,team-branch,0,,,0,,,0,,,,0,0,0,,,,0,0,0,0,,0,,,github-corrective-prs,,0,0,unavailable (no GitHub issues — needs Jira),2026-09-04T13:25:05Z
2026-07,2026-07-01,2026-08-01,repo,cpp-context-staging-dcs,cpp-context-staging-dcs,1,0,0,0,0,,,,,0,,0,0,0,,,,,0,,,0,,,0,,team-branch,0,,,0,,,0,,,,0,0,0,,,,0,0,0,0,,0,,,github-corrective-prs,,0,0,unavailable (no GitHub issues — needs Jira),2026-09-04T13:25:05Z
2026-07,2026-07-01,2026-08-01,repo,cpp-context-staging-dvla,cpp-context-staging-dvla,1,0,0,0,0,,,,,0,,0,0,0,,,,,0,,,0,,,0,,team-branch,0,,,0,,,0,,,,0,0,0,,,,0,0,0,0,,0,,,github-corrective-prs,,0,0,unavailable (no GitHub issues — needs Jira),2026-09-04T13:25:05Z
2026-07,2026-07-01,2026-08-01,repo,cpp-context-staging-enforcement,cpp-context-staging-enforcement,1,3,0,1,3,0.9,1.3,,,0,0.0,3,0,0,0.0,100.0,0.9,1.3,3,0.9,1.3,3,,,0,0.0,team-branch,0,,,0,0.0,0.0,3,100.0,1008.2,1009.7,0,0,0,,,,0,0,0,0,0.0,0,,,github-corrective-prs,,0,0,unavailable (no GitHub issues — needs Jira),2026-09-04T13:25:05Z
2026-07,2026-07-01,2026-08-01,repo,cpp-context-staging-pnld-offences,cpp-context-staging-pnld-offences,1,0,0,0,0,,,,,0,,0,0,0,,,,,0,,,0,,,0,,unclassified,0,,,0,,,0,,,,0,0,0,,,,0,0,0,0,,0,,,github-corrective-prs,,0,0,unavailable (no GitHub issues — needs Jira),2026-09-04T13:25:05Z
2026-07,2026-07-01,2026-08-01,repo,cpp-context-staging-prosecutors,cpp-context-staging-prosecutors,1,5,0,2,4,39.0,1426.3,,,0,0.0,3,0,3,75.0,25.0,1.1,6.8,5,0.7,8.6,4,1.5,1.5,1,20.0,team-branch,0,1.5,1.5,1,20.0,20.0,4,80.0,1235.2,1244.9,0,0,0,,,,0,0,0,0,0.0,0,,,github-corrective-prs,,0,0,unavailable (no GitHub issues — needs Jira),2026-09-04T13:25:05Z
2026-07,2026-07-01,2026-08-01,repo,cpp-context-staging-prosecutors-civil,cpp-context-staging-prosecutors-civil,1,17,0,3,13,112.2,2164.5,,,0,0.0,12,0,4,30.8,15.4,13.3,205.3,17,18.1,208.2,16,2.9,2.9,1,5.9,team-branch,0,2.9,2.9,1,5.9,5.9,16,94.1,1233.1,1576.7,0,0,0,,,,0,0,0,0,0.0,0,,,github-corrective-prs,,0,0,unavailable (no GitHub issues — needs Jira),2026-09-04T13:25:05Z
2026-07,2026-07-01,2026-08-01,repo,cpp-context-staging-prosecutors-spi,cpp-context-staging-prosecutors-spi,1,4,0,0,1,455.9,455.9,,,0,0.0,1,0,0,0.0,0.0,1.5,210.0,4,1.5,210.0,4,,,0,0.0,team-branch,0,,,0,0.0,0.0,4,100.0,1010.0,1220.6,0,0,0,,,,0,0,0,0,0.0,0,,,github-corrective-prs,,0,0,unavailable (no GitHub issues — needs Jira),2026-09-04T13:25:05Z
2026-07,2026-07-01,2026-08-01,repo,cpp-context-staging-pubhub,cpp-context-staging-pubhub,1,3,0,1,1,328.9,328.9,,,0,0.0,1,0,0,0.0,0.0,0.6,211.3,3,0.6,211.3,3,,,0,0.0,unclassified,0,,,0,0.0,0.0,3,100.0,1397.4,1624.5,0,0,0,11.4,11.4,10.1,1,1,0,0,33.3,1,,,github-corrective-prs,,0,0,unavailable (no GitHub issues — needs Jira),2026-09-04T13:25:05Z
2026-07,2026-07-01,2026-08-01,repo,cpp-context-stagingdlrm,cpp-context-stagingdlrm,1,6,0,2,6,18.9,21.6,,,0,0.0,6,0,0,0.0,33.3,18.9,21.6,6,18.9,21.6,6,,,0,0.0,team-branch,0,,,0,0.0,0.0,6,100.0,985.9,1142.1,0,0,0,37.2,37.2,10.3,1,1,0,0,0.0,0,,,github-corrective-prs,,0,0,unavailable (no GitHub issues — needs Jira),2026-09-04T13:25:05Z
2026-07,2026-07-01,2026-08-01,repo,cpp-context-subscriptions,cpp-context-subscriptions,1,0,0,0,0,,,,,0,,0,0,0,,,,,0,,,0,,,0,,team-branch,0,,,0,,,0,,,,0,0,0,,,,0,0,0,0,,0,,,github-corrective-prs,,0,0,unavailable (no GitHub issues — needs Jira),2026-09-04T13:25:05Z
2026-07,2026-07-01,2026-08-01,repo,cpp-context-support,cpp-context-support,1,1,0,0,1,2.2,2.2,,,0,0.0,1,0,0,0.0,100.0,2.2,2.2,1,2.2,2.2,1,,,0,0.0,team-branch,0,,,0,0.0,0.0,1,100.0,864.3,864.3,0,0,0,,,,0,0,0,0,0.0,0,,,github-corrective-prs,,0,0,unavailable (no GitHub issues — needs Jira),2026-09-04T13:25:05Z
2026-07,2026-07-01,2026-08-01,repo,cpp-context-system-announcement,cpp-context-system-announcement,1,0,0,0,0,,,,,0,,0,0,0,,,,,0,,,0,,,0,,team-branch,0,,,0,,,0,,,,0,0,0,,,,0,0,0,0,,0,,,github-corrective-prs,,0,0,unavailable (no GitHub issues — needs Jira),2026-09-04T13:25:05Z
2026-07,2026-07-01,2026-08-01,repo,cpp-context-system-doc-generator,cpp-context-system-doc-generator,1,32,1,4,23,12.1,1243.7,,,0,0.0,19,0,9,39.1,21.7,1.0,46.4,32,0.8,17.1,29,3.4,1043.3,3,9.4,team-branch,0,3.4,1043.3,3,9.4,9.4,29,90.6,1270.8,1554.1,0,0,0,,,9.3,1,0,0,1,3.1,1,,,github-corrective-prs,,0,0,unavailable (no GitHub issues — needs Jira),2026-09-04T13:25:05Z
2026-07,2026-07-01,2026-08-01,repo,cpp-context-system-id-mapper,cpp-context-system-id-mapper,1,0,0,0,0,,,,,0,,0,0,0,,,,,0,,,0,,,0,,team-branch,0,,,0,,,0,,,,0,0,0,,,,0,0,0,0,,0,,,github-corrective-prs,,0,0,unavailable (no GitHub issues — needs Jira),2026-09-04T13:25:05Z
2026-07,2026-07-01,2026-08-01,repo,cpp-context-system-scheduling,cpp-context-system-scheduling,1,0,0,0,0,,,,,0,,0,0,0,,,,,0,,,0,,,0,,team-branch,0,,,0,,,0,,,,0,0,0,,,,0,0,0,0,,0,,,github-corrective-prs,,0,0,unavailable (no GitHub issues — needs Jira),2026-09-04T13:25:05Z
2026-07,2026-07-01,2026-08-01,repo,cpp-context-unifiedsearch-query,cpp-context-unifiedsearch-query,1,3,0,0,3,4074.5,4074.5,,,0,0.0,3,0,3,100.0,0.0,1678.3,3354.4,3,1678.3,3354.4,3,,,0,0.0,team-branch,0,,,0,0.0,0.0,3,100.0,3073.8,4363.9,0,0,0,,,,0,0,0,0,0.0,0,,,github-corrective-prs,,0,0,unavailable (no GitHub issues — needs Jira),2026-09-04T13:25:05Z
2026-07,2026-07-01,2026-08-01,repo,cpp-context-users-groups,cpp-context-users-groups,1,2,0,1,2,2.4,4.0,,,0,0.0,2,0,0,0.0,100.0,2.4,4.0,2,2.4,4.0,2,,,0,0.0,team-branch,0,,,0,0.0,0.0,2,100.0,1476.8,1516.8,0,0,0,,,,0,0,0,0,0.0,0,,,github-corrective-prs,,0,0,unavailable (no GitHub issues — needs Jira),2026-09-04T13:25:05Z
2026-07,2026-07-01,2026-08-01,repo,cpp-context-work-management-proxy,cpp-context-work-management-proxy,1,1,1,0,1,0.2,0.2,,,0,0.0,1,0,0,0.0,100.0,0.2,0.2,1,0.2,0.2,1,,,0,0.0,team-branch,0,,,0,0.0,0.0,1,100.0,1532.5,1532.5,0,0,0,,,,0,0,0,0,0.0,0,,,github-corrective-prs,,0,0,unavailable (no GitHub issues — needs Jira),2026-09-04T13:25:05Z
2026-07,2026-07-01,2026-08-01,repo,cpp-ui-ai-intelligence,cpp-ui-ai-intelligence,1,1,0,1,1,2883.5,2883.5,,,1,100.0,1,1,0,0.0,0.0,2883.5,2883.5,1,2883.5,2883.5,1,,,0,0.0,team-branch,0,3436.0,3436.0,1,100.0,100.0,0,0.0,,,0,0,0,197.0,197.0,9.3,1,1,0,0,0.0,0,,,github-corrective-prs,,0,0,unavailable (no GitHub issues — needs Jira),2026-09-04T13:25:05Z
2026-07,2026-07-01,2026-08-01,repo,cpp-ui-audit-reports,cpp-ui-audit-reports,1,0,0,0,0,,,,,0,,0,0,0,,,,,0,,,0,,,0,,team-branch,0,,,0,,,0,,,,0,0,0,,,,0,0,0,0,,0,,,github-corrective-prs,,0,0,unavailable (no GitHub issues — needs Jira),2026-09-04T13:25:05Z
2026-07,2026-07-01,2026-08-01,repo,cpp-ui-bulkscan,cpp-ui-bulkscan,1,0,0,0,0,,,,,0,,0,0,0,,,,,0,,,0,,,0,,unclassified,0,,,0,,,0,,,,0,0,0,,,,0,0,0,0,,0,,,github-corrective-prs,,0,0,unavailable (no GitHub issues — needs Jira),2026-09-04T13:25:05Z
2026-07,2026-07-01,2026-08-01,repo,cpp-ui-case-management,cpp-ui-case-management,1,0,0,0,0,,,,,0,,0,0,0,,,,,0,,,0,,,0,,team-branch,0,,,0,,,0,,,,0,0,0,,,,0,0,0,0,,0,,,github-corrective-prs,,0,0,unavailable (no GitHub issues — needs Jira),2026-09-04T13:25:05Z
2026-07,2026-07-01,2026-08-01,repo,cpp-ui-courtscheduler,cpp-ui-courtscheduler,1,0,0,0,0,,,,,0,,0,0,0,,,,,0,,,0,,,0,,unclassified,0,,,0,,,0,,,,0,0,0,,,,0,0,0,0,,0,,,github-corrective-prs,,0,0,unavailable (no GitHub issues — needs Jira),2026-09-04T13:25:05Z
2026-07,2026-07-01,2026-08-01,repo,cpp-ui-defence,cpp-ui-defence,1,0,0,1,0,,,,,0,,0,0,0,,,,,0,,,0,,,0,,team-branch,0,,,0,,,0,,,,0,0,0,,,,0,0,0,0,,0,,,github-corrective-prs,,0,0,unavailable (no GitHub issues — needs Jira),2026-09-04T13:25:05Z
2026-07,2026-07-01,2026-08-01,repo,cpp-ui-external-services,cpp-ui-external-services,1,0,0,0,0,,,,,0,,0,0,0,,,,,0,,,0,,,0,,unclassified,0,,,0,,,0,,,,0,0,0,,,,0,0,0,0,,0,,,github-corrective-prs,,0,0,unavailable (no GitHub issues — needs Jira),2026-09-04T13:25:05Z
2026-07,2026-07-01,2026-08-01,repo,cpp-ui-hearing,cpp-ui-hearing,1,0,0,0,0,,,,,0,,0,0,0,,,,,0,,,0,,,0,,team-branch,0,,,0,,,0,,,,0,0,0,,,,0,0,0,0,,0,,,github-corrective-prs,,0,0,unavailable (no GitHub issues — needs Jira),2026-09-04T13:25:05Z
2026-07,2026-07-01,2026-08-01,repo,cpp-ui-home,cpp-ui-home,1,0,0,0,0,,,,,0,,0,0,0,,,,,0,,,0,,,0,,team-branch,0,,,0,,,0,,,,0,0,0,,,,0,0,0,0,,0,,,github-corrective-prs,,0,0,unavailable (no GitHub issues — needs Jira),2026-09-04T13:25:05Z
2026-07,2026-07-01,2026-08-01,repo,cpp-ui-listing,cpp-ui-listing,1,3,0,2,3,0.7,0.9,,,0,0.0,2,0,0,0.0,33.3,0.7,0.9,3,0.4,0.6,2,,,0,0.0,team-branch,0,,,0,0.0,0.0,3,100.0,832.6,833.1,0,0,0,,,,0,0,0,0,0.0,0,,,github-corrective-prs,,0,0,unavailable (no GitHub issues — needs Jira),2026-09-04T13:25:05Z
2026-07,2026-07-01,2026-08-01,repo,cpp-ui-managepermissions,cpp-ui-managepermissions,1,0,0,0,0,,,,,0,,0,0,0,,,,,0,,,0,,,0,,unclassified,0,,,0,,,0,,,,0,0,0,,,,0,0,0,0,,0,,,github-corrective-prs,,0,0,unavailable (no GitHub issues — needs Jira),2026-09-04T13:25:05Z
2026-07,2026-07-01,2026-08-01,repo,cpp-ui-opami,cpp-ui-opami,1,0,0,0,0,,,,,0,,0,0,0,,,,,0,,,0,,,0,,team-branch,0,,,0,,,0,,,,0,0,0,,,,0,0,0,0,,0,,,github-corrective-prs,,0,0,unavailable (no GitHub issues — needs Jira),2026-09-04T13:25:05Z
2026-07,2026-07-01,2026-08-01,repo,cpp-ui-prosecution-casefile,cpp-ui-prosecution-casefile,1,21,3,10,26,1.7,169.8,,,0,5.0,20,1,1,3.8,3.8,1.2,96.5,21,1.2,89.0,15,2.2,763.7,6,28.6,team-branch,0,2.2,763.7,6,28.6,33.3,14,66.7,1213.9,1539.8,1,0,0,16.4,16.4,9.7,4,1,0,3,9.5,2,,,github-corrective-prs,,0,0,unavailable (no GitHub issues — needs Jira),2026-09-04T13:25:05Z
2026-07,2026-07-01,2026-08-01,repo,cpp-ui-prosecutor,cpp-ui-prosecutor,1,0,0,0,0,,,,,0,,0,0,0,,,,,0,,,0,,,0,,team-branch,0,,,0,,,0,,,,0,0,0,,,,0,0,0,0,,0,,,github-corrective-prs,,0,0,unavailable (no GitHub issues — needs Jira),2026-09-04T13:25:05Z
2026-07,2026-07-01,2026-08-01,repo,cpp-ui-sjp,cpp-ui-sjp,1,2,1,0,2,1.8,2.7,,,0,,0,0,0,0.0,0.0,1.8,2.7,2,,,0,1.8,2.7,2,100.0,team-branch,0,1.8,2.7,2,100.0,100.0,0,0.0,,,0,0,0,,,10.1,2,0,0,2,50.0,1,,,github-corrective-prs,,0,0,unavailable (no GitHub issues — needs Jira),2026-09-04T13:25:05Z
2026-07,2026-07-01,2026-08-01,repo,cpp-ui-subscriptions,cpp-ui-subscriptions,1,1,0,0,1,17.2,17.2,,,0,0.0,1,0,0,0.0,0.0,17.2,17.2,1,17.2,17.2,1,,,0,0.0,team-branch,0,,,0,0.0,0.0,1,100.0,1558.2,1558.2,0,0,0,,,,0,0,0,0,0.0,0,,,github-corrective-prs,,0,0,unavailable (no GitHub issues — needs Jira),2026-09-04T13:25:05Z
2026-07,2026-07-01,2026-08-01,repo,cpp-ui-work-management,cpp-ui-work-management,1,0,0,0,0,,,,,0,,0,0,0,,,,,0,,,0,,,0,,team-branch,0,,,0,,,0,,,,0,0,0,,,,0,0,0,0,,0,,,github-corrective-prs,,0,0,unavailable (no GitHub issues — needs Jira),2026-09-04T13:25:05Z
2026-07,2026-07-01,2026-08-01,repo,service-cp-caseadmin-case-urn-mapper,service-cp-caseadmin-case-urn-mapper,1,0,2,0,0,,,,,0,,0,0,0,,,,,0,,,0,,,0,,trunk-based,1,,,0,,,0,,,,0,0,0,,,,0,0,0,0,,0,,,github-corrective-prs,,0,0,unavailable (no GitHub issues — needs Jira),2026-09-04T13:25:05Z
2026-07,2026-07-01,2026-08-01,repo,service-cp-crime-prosecution-case-details,service-cp-crime-prosecution-case-details,1,0,4,0,0,,,,,0,,0,0,0,,,,,0,,,0,,,0,,trunk-based,1,,,0,,,0,,,,0,0,0,,,,0,0,0,0,,0,,,github-corrective-prs,,0,0,unavailable (no GitHub issues — needs Jira),2026-09-04T13:25:05Z
2026-07,2026-07-01,2026-08-01,repo,service-cp-crime-scheduleandlist-courtschedule,service-cp-crime-scheduleandlist-courtschedule,1,0,0,0,0,,,,,0,,0,0,0,,,,,0,,,0,,,0,,trunk-based,1,,,0,,,0,,,,0,0,0,,,,0,0,0,0,,0,,,github-corrective-prs,,0,0,unavailable (no GitHub issues — needs Jira),2026-09-04T13:25:05Z
2026-07,2026-07-01,2026-08-01,repo,service-cp-refdata-courthearing-courthouses,service-cp-refdata-courthearing-courthouses,1,0,0,0,0,,,,,0,,0,0,0,,,,,0,,,0,,,0,,trunk-based,1,,,0,,,0,,,,0,0,0,,,,0,0,0,0,,0,,,github-corrective-prs,,0,0,unavailable (no GitHub issues — needs Jira),2026-09-04T13:25:05Z
2026-08,2026-08-01,2026-09-01,area,Case Administration,Case Administration,25,96,32,22,64,44.1,234.5,,,0,0.0,59,0,14,21.9,14.1,6.3,74.1,96,6.5,99.2,82,6.5,42.1,13,13.7,mixed,3,6.5,42.1,13,13.5,13.5,83,86.5,505.5,722.4,0,0,0,78.2,100.4,9.3,14,4,0,10,6.2,6,,,github-corrective-prs,,0,3,unavailable (no GitHub issues — needs Jira),2026-09-04T13:25:06Z
2026-08,2026-08-01,2026-09-01,area,Case Ingestion,Case Ingestion,6,18,1,1,11,76.7,311.0,,,0,0.0,9,0,4,36.4,0.0,1.6,114.3,18,0.9,159.1,16,8.2,12.1,2,11.1,team-branch,0,8.2,12.1,2,11.1,11.1,16,88.9,336.1,572.3,0,0,0,10.9,10.9,9.2,5,1,0,4,5.6,1,,,github-corrective-prs,,0,0,unavailable (no GitHub issues — needs Jira),2026-09-04T13:25:06Z
2026-08,2026-08-01,2026-09-01,area,Court Hearing,Court Hearing,12,58,8,17,53,7.2,111.3,,,0,0.0,44,0,6,11.3,47.2,1.7,40.9,58,1.2,47.8,43,3.2,40.6,15,25.9,team-branch,0,3.2,40.6,15,25.9,25.9,43,74.1,557.0,746.7,0,0,0,9.2,37.5,8.6,16,8,0,8,3.4,2,,,github-corrective-prs,,0,0,unavailable (no GitHub issues — needs Jira),2026-09-04T13:25:06Z
2026-08,2026-08-01,2026-09-01,area,DLRM,DLRM,2,27,0,0,17,69.5,207.7,,,0,0.0,17,0,0,0.0,23.5,15.4,92.1,27,15.4,92.1,27,,,0,0.0,team-branch,0,,,0,0.0,0.0,27,100.0,551.0,610.7,0,0,0,,,,0,0,0,0,3.7,1,,,github-corrective-prs,,0,0,unavailable (no GitHub issues — needs Jira),2026-09-04T13:25:06Z
2026-08,2026-08-01,2026-09-01,area,Management Information System,Management Information System,6,22,6,2,10,15.1,180.7,,,0,0.0,8,0,3,30.0,10.0,3.7,100.1,22,3.7,99.9,18,13.0,857.2,4,18.2,mixed,1,143.9,585.8,6,27.3,27.3,16,72.7,548.7,732.6,0,0,0,,,12.0,1,0,0,1,4.5,1,,,github-corrective-prs,,0,0,unavailable (no GitHub issues — needs Jira),2026-09-04T13:25:06Z
2026-08,2026-08-01,2026-09-01,area,Platform Engineering,Platform Engineering,17,19,14,11,18,1.8,30.4,,,0,0.0,15,0,3,16.7,50.0,1.0,9.5,19,0.9,3.1,15,23.6,35.3,3,16.7,mixed,1,23.6,35.3,3,15.8,15.8,16,84.2,639.0,736.5,0,0,0,71.3,100.6,9.3,8,5,0,3,10.5,2,,,github-corrective-prs,,0,0,unavailable (no GitHub issues — needs Jira),2026-09-04T13:25:06Z
2026-08,2026-08-01,2026-09-01,area,Scheduling & Listing System,Scheduling & Listing System,7,51,5,8,41,2.8,58.4,,,0,2.6,39,1,6,14.6,26.8,1.4,41.3,51,1.3,34.5,49,437.9,742.3,2,3.9,mixed,1,437.9,742.3,2,3.9,7.8,47,92.2,600.3,750.2,2,0,0,28.4,41.8,9.2,6,5,0,1,5.9,3,,,github-corrective-prs,,0,3,unavailable (no GitHub issues — needs Jira),2026-09-04T13:25:06Z
2026-08,2026-08-01,2026-09-01,model,unclassified,Too few changes to classify,9,6,3,1,3,0.2,17.5,,,0,0.0,1,0,1,33.3,33.3,2.8,23.3,6,0.1,0.1,1,3.0,23.4,5,83.3,unclassified,0,3.0,23.4,5,83.3,83.3,1,16.7,714.9,714.9,0,0,0,,,,0,0,0,0,66.7,4,,,github-corrective-prs,,0,0,unavailable (no GitHub issues — needs Jira),2026-09-04T13:25:08Z
2026-08,2026-08-01,2026-09-01,model,trunk-based,"Trunk-based, no integration branch",6,0,8,0,0,,,,,0,,0,0,0,,,,,0,,,0,,,0,,trunk-based,6,,,0,,,0,,,,0,0,0,,,,0,0,0,0,,0,,,github-corrective-prs,,0,0,unavailable (no GitHub issues — needs Jira),2026-09-04T13:25:08Z
2026-08,2026-08-01,2026-09-01,model,team-branch,Via an integration branch,60,285,55,60,197,15.4,192.0,,,0,0.5,182,1,21,10.7,29.4,3.1,71.1,285,2.8,71.9,249,10.2,42.0,34,12.0,team-branch,0,18.7,42.6,36,12.6,13.3,247,86.7,546.2,743.5,2,0,0,34.4,79.8,9.2,50,23,0,27,4.2,12,,,github-corrective-prs,,0,6,unavailable (no GitHub issues — needs Jira),2026-09-04T13:25:08Z
2026-08,2026-08-01,2026-09-01,product,advocate-portal,Advocate Portal,2,2,1,0,2,118.9,202.1,,,0,0.0,2,0,0,0.0,50.0,118.9,202.1,2,118.9,202.1,2,,,0,0.0,team-branch,0,,,0,0.0,0.0,2,100.0,670.0,738.0,0,0,0,82.2,82.2,9.2,1,1,0,0,0.0,0,,,github-corrective-prs,,0,0,unavailable (no GitHub issues — needs Jira),2026-09-04T13:25:07Z
2026-08,2026-08-01,2026-09-01,product,audit-system,Audit System,3,0,0,0,0,,,,,0,,0,0,0,,,,,0,,,0,,,0,,mixed,1,,,0,,,0,,,,0,0,0,,,,0,0,0,0,,0,,,github-corrective-prs,,0,0,unavailable (no GitHub issues — needs Jira),2026-09-04T13:25:07Z
2026-08,2026-08-01,2026-09-01,product,case-document-knowledge-system,Case Document Knowledge,3,10,1,1,9,24.9,71.1,,,0,0.0,8,0,1,11.1,0.0,10.7,21.6,10,14.2,22.6,9,3.7,3.7,1,10.0,mixed,1,3.7,3.7,1,10.0,10.0,9,90.0,671.0,744.4,0,0,0,34.4,34.4,11.2,1,1,0,0,10.0,1,,,github-corrective-prs,,0,0,unavailable (no GitHub issues — needs Jira),2026-09-04T13:25:07Z
2026-08,2026-08-01,2026-09-01,product,case-management-system,Case Management System,17,79,24,21,53,50.2,232.3,,,0,0.0,48,0,14,26.4,15.1,6.0,80.2,79,6.0,106.8,67,6.5,42.3,11,14.1,mixed,2,6.5,42.3,11,13.9,13.9,68,86.1,409.3,691.7,0,0,0,94.7,109.1,9.2,12,2,0,10,5.1,4,,,github-corrective-prs,,0,3,unavailable (no GitHub issues — needs Jira),2026-09-04T13:25:07Z
2026-08,2026-08-01,2026-09-01,product,cpci,Common Platform Civil Interface (CPCI),1,14,0,1,6,213.6,405.4,,,0,0.0,6,0,3,50.0,0.0,0.9,54.7,14,0.9,54.7,14,,,0,0.0,team-branch,0,,,0,0.0,0.0,14,100.0,254.0,588.3,0,0,0,,,9.2,1,0,0,1,0.0,0,,,github-corrective-prs,,0,0,unavailable (no GitHub issues — needs Jira),2026-09-04T13:25:07Z
2026-08,2026-08-01,2026-09-01,product,cppi,Common Platform Prosecutor Interface (CPPI),1,0,0,0,0,,,,,0,,0,0,0,,,,,0,,,0,,,0,,team-branch,0,,,0,,,0,,,,0,0,0,,,8.1,3,0,0,3,,0,,,github-corrective-prs,,0,0,unavailable (no GitHub issues — needs Jira),2026-09-04T13:25:07Z
2026-08,2026-08-01,2026-09-01,product,cp-user-interface,Common Platform User Interface,1,5,1,1,5,0.2,107.2,,,0,0.0,3,0,2,40.0,0.0,0.2,1.5,5,0.2,0.2,3,3.5,3.5,1,25.0,team-branch,0,3.5,3.5,1,20.0,20.0,4,80.0,736.5,736.6,0,0,0,,,,0,0,0,0,20.0,1,,,github-corrective-prs,,0,0,unavailable (no GitHub issues — needs Jira),2026-09-04T13:25:07Z
2026-08,2026-08-01,2026-09-01,product,document-generation-system,Document Generation System,1,5,5,6,5,0.9,42.3,,,0,0.0,4,0,1,20.0,20.0,0.9,38.3,5,0.9,20.8,4,40.3,40.3,1,20.0,team-branch,0,40.3,40.3,1,20.0,20.0,4,80.0,548.3,724.2,0,0,0,78.8,84.0,9.3,3,2,0,1,0.0,0,,,github-corrective-prs,,0,0,unavailable (no GitHub issues — needs Jira),2026-09-04T13:25:07Z
2026-08,2026-08-01,2026-09-01,product,document-ingestion-system,Document Ingestion System,3,3,1,0,4,12.8,136.1,,,0,0.0,3,0,1,25.0,0.0,2.6,159.7,3,113.8,193.1,2,2.6,2.6,1,33.3,team-branch,0,2.6,2.6,1,33.3,33.3,2,66.7,535.5,558.4,0,0,0,,,,0,0,0,0,33.3,1,,,github-corrective-prs,,0,0,unavailable (no GitHub issues — needs Jira),2026-09-04T13:25:07Z
2026-08,2026-08-01,2026-09-01,product,file-service-system,File Service,1,0,0,0,0,,,,,0,,0,0,0,,,,,0,,,0,,,0,,unclassified,0,,,0,,,0,,,,0,0,0,,,,0,0,0,0,,0,,,github-corrective-prs,,0,0,unavailable (no GitHub issues — needs Jira),2026-09-04T13:25:07Z
2026-08,2026-08-01,2026-09-01,product,hearing-system,Hearing System,5,42,7,9,42,2.5,24.7,,,0,0.0,36,0,5,11.9,42.9,0.8,18.6,42,0.8,17.4,35,0.9,24.8,7,16.7,team-branch,0,0.9,24.8,7,16.7,16.7,35,83.3,570.4,747.1,0,0,0,25.3,34.3,9.4,4,3,0,1,2.4,1,,,github-corrective-prs,,0,0,unavailable (no GitHub issues — needs Jira),2026-09-04T13:25:07Z
2026-08,2026-08-01,2026-09-01,product,id-mapper-system,Id Mapper System,1,1,0,0,1,3.1,3.1,,,0,0.0,1,0,0,0.0,100.0,3.1,3.1,1,3.1,3.1,1,,,0,0.0,team-branch,0,,,0,0.0,0.0,1,100.0,580.0,580.0,0,0,0,,,,0,0,0,0,0.0,0,,,github-corrective-prs,,0,0,unavailable (no GitHub issues — needs Jira),2026-09-04T13:25:07Z
2026-08,2026-08-01,2026-09-01,product,legacy-case-migration-system,Legacy Case Migration System,2,27,0,0,17,69.5,207.7,,,0,0.0,17,0,0,0.0,23.5,15.4,92.1,27,15.4,92.1,27,,,0,0.0,team-branch,0,,,0,0.0,0.0,27,100.0,551.0,610.7,0,0,0,,,,0,0,0,0,3.7,1,,,github-corrective-prs,,0,0,unavailable (no GitHub issues — needs Jira),2026-09-04T13:25:07Z
2026-08,2026-08-01,2026-09-01,product,management-information-system,Management Information System,3,22,6,2,10,15.1,180.7,,,0,0.0,8,0,3,30.0,10.0,3.7,100.1,22,3.7,99.9,18,13.0,857.2,4,18.2,team-branch,0,143.9,585.8,6,27.3,27.3,16,72.7,548.7,732.6,0,0,0,,,12.0,1,0,0,1,4.5,1,,,github-corrective-prs,,0,0,unavailable (no GitHub issues — needs Jira),2026-09-04T13:25:07Z
2026-08,2026-08-01,2026-09-01,product,notify-system,Notify System,1,0,3,0,0,,,,,0,,0,0,0,,,,,0,,,0,,,0,,team-branch,0,,,0,,,0,,,,0,0,0,,,,0,0,0,0,,0,,,github-corrective-prs,,0,0,unavailable (no GitHub issues — needs Jira),2026-09-04T13:25:07Z
2026-08,2026-08-01,2026-09-01,product,reference-data-system,Reference Data System,4,0,0,4,0,,,,,0,,0,0,0,,,,,0,,,0,,,0,,mixed,1,,,0,,,0,,,,0,0,0,54.3,101.8,9.2,5,3,0,2,,0,,,github-corrective-prs,,0,0,unavailable (no GitHub issues — needs Jira),2026-09-04T13:25:07Z
2026-08,2026-08-01,2026-09-01,product,results-distribution-system,Results Distribution System,7,16,1,8,12,22.3,167.2,,,0,0.0,8,0,2,16.7,58.3,39.8,165.2,16,92.0,170.2,8,39.8,41.2,8,50.0,team-branch,0,39.8,41.2,8,50.0,50.0,8,50.0,506.1,600.3,0,0,0,6.0,25.7,7.2,12,5,0,7,6.2,1,,,github-corrective-prs,,0,0,unavailable (no GitHub issues — needs Jira),2026-09-04T13:25:07Z
2026-08,2026-08-01,2026-09-01,product,scheduling-system,Scheduling System,1,1,0,0,1,3.1,3.1,,,0,0.0,1,0,0,0.0,100.0,3.1,3.1,1,3.1,3.1,1,,,0,0.0,team-branch,0,,,0,0.0,0.0,1,100.0,579.3,579.3,0,0,0,,,,0,0,0,0,0.0,0,,,github-corrective-prs,,0,0,unavailable (no GitHub issues — needs Jira),2026-09-04T13:25:07Z
2026-08,2026-08-01,2026-09-01,product,scheduling-and-listing-system,Scheduling and Listing System,7,51,5,8,41,2.8,58.4,,,0,2.6,39,1,6,14.6,26.8,1.4,41.3,51,1.3,34.5,49,437.9,742.3,2,3.9,mixed,1,437.9,742.3,2,3.9,7.8,47,92.2,600.3,750.2,2,0,0,28.4,41.8,9.2,6,5,0,1,5.9,3,,,github-corrective-prs,,0,3,unavailable (no GitHub issues — needs Jira),2026-09-04T13:25:07Z
2026-08,2026-08-01,2026-09-01,product,spi,Standard Prosecutor Interface (SPI),1,1,0,0,1,13.8,13.8,,,0,,0,0,0,0.0,0.0,13.8,13.8,1,,,0,13.8,13.8,1,100.0,team-branch,0,13.8,13.8,1,100.0,100.0,0,0.0,,,0,0,0,10.9,10.9,10.3,1,1,0,0,0.0,0,,,github-corrective-prs,,0,0,unavailable (no GitHub issues — needs Jira),2026-09-04T13:25:07Z
2026-08,2026-08-01,2026-09-01,product,support-system,Support System,1,1,2,0,1,1.0,1.0,,,0,0.0,1,0,0,0.0,100.0,1.0,1.0,1,1.0,1.0,1,,,0,0.0,team-branch,0,,,0,0.0,0.0,1,100.0,698.2,698.2,0,0,0,,,,0,0,0,0,0.0,0,,,github-corrective-prs,,0,0,unavailable (no GitHub issues — needs Jira),2026-09-04T13:25:07Z
2026-08,2026-08-01,2026-09-01,product,ssystem-announcement-system,System Announcement System,1,1,0,0,1,3.5,3.5,,,0,0.0,1,0,0,0.0,100.0,3.5,3.5,1,3.5,3.5,1,,,0,0.0,team-branch,0,,,0,0.0,0.0,1,100.0,579.6,579.6,0,0,0,,,,0,0,0,0,0.0,0,,,github-corrective-prs,,0,0,unavailable (no GitHub issues — needs Jira),2026-09-04T13:25:07Z
2026-08,2026-08-01,2026-09-01,product,ui-notification-system,UI Notification System,1,2,0,0,2,1.5,2.3,,,0,0.0,2,0,0,0.0,100.0,1.5,2.3,2,1.5,2.3,2,,,0,0.0,team-branch,0,,,0,0.0,0.0,2,100.0,567.9,575.5,0,0,0,,,,0,0,0,0,0.0,0,,,github-corrective-prs,,0,0,unavailable (no GitHub issues — needs Jira),2026-09-04T13:25:07Z
2026-08,2026-08-01,2026-09-01,product,users-and-groups-system,Users and Groups System,4,3,3,0,3,3.0,18.3,,,0,0.0,2,0,1,33.3,66.7,3.0,17.5,3,1.9,2.7,2,23.6,23.6,1,33.3,team-branch,0,23.6,23.6,1,33.3,33.3,2,66.7,638.6,680.1,0,0,0,,,,0,0,0,0,33.3,1,,,github-corrective-prs,,0,0,unavailable (no GitHub issues — needs Jira),2026-09-04T13:25:07Z
2026-08,2026-08-01,2026-09-01,product,work-management-system,Work Management System,3,5,6,0,2,147.3,232.9,,,0,0.0,1,0,1,50.0,0.0,0.6,110.6,5,0.5,132.5,4,24.1,24.1,1,20.0,team-branch,0,24.1,24.1,1,20.0,20.0,4,80.0,603.8,737.0,0,0,0,,,,0,0,0,0,20.0,1,,,github-corrective-prs,,0,0,unavailable (no GitHub issues — needs Jira),2026-09-04T13:25:07Z
2026-08,2026-08-01,2026-09-01,repo,cp-ai-rag-service,cp-ai-rag-service,1,0,0,0,0,,,,,0,,0,0,0,,,,,0,,,0,,,0,,trunk-based,1,,,0,,,0,,,,0,0,0,,,,0,0,0,0,,0,,,github-corrective-prs,,0,0,unavailable (no GitHub issues — needs Jira),2026-09-04T13:25:07Z
2026-08,2026-08-01,2026-09-01,repo,cp-audit-reports-service-v2,cp-audit-reports-service-v2,1,0,0,0,0,,,,,0,,0,0,0,,,,,0,,,0,,,0,,trunk-based,1,,,0,,,0,,,,0,0,0,,,,0,0,0,0,,0,,,github-corrective-prs,,0,0,unavailable (no GitHub issues — needs Jira),2026-09-04T13:25:07Z
2026-08,2026-08-01,2026-09-01,repo,cp-case-document-knowledge-service,cp-case-document-knowledge-service,1,9,0,0,8,22.2,71.1,,,0,0.0,8,0,0,0.0,0.0,14.2,22.6,9,14.2,22.6,9,,,0,0.0,team-branch,0,,,0,0.0,0.0,9,100.0,671.0,744.4,0,0,0,,,,0,0,0,0,0.0,0,,,github-corrective-prs,,0,0,unavailable (no GitHub issues — needs Jira),2026-09-04T13:25:07Z
2026-08,2026-08-01,2026-09-01,repo,cp-court-list-publishing-service,cp-court-list-publishing-service,1,8,0,2,7,0.7,97.9,,,0,0.0,7,0,1,14.3,28.6,0.2,0.8,8,0.2,0.8,8,,,0,0.0,team-branch,0,,,0,0.0,0.0,8,100.0,493.8,598.2,0,0,0,,,4.2,1,0,0,1,0.0,0,,,github-corrective-prs,,0,0,unavailable (no GitHub issues — needs Jira),2026-09-04T13:25:07Z
2026-08,2026-08-01,2026-09-01,repo,cp-file-service,cp-file-service,1,0,0,0,0,,,,,0,,0,0,0,,,,,0,,,0,,,0,,unclassified,0,,,0,,,0,,,,0,0,0,,,,0,0,0,0,,0,,,github-corrective-prs,,0,0,unavailable (no GitHub issues — needs Jira),2026-09-04T13:25:07Z
2026-08,2026-08-01,2026-09-01,repo,cpp-context-applications-courtorders,cpp-context-applications-courtorders,1,1,3,0,1,4099.6,4099.6,,,0,0.0,1,0,1,100.0,0.0,504.3,504.3,1,504.3,504.3,1,,,0,0.0,team-branch,0,,,0,0.0,0.0,1,100.0,1200.6,1200.6,0,0,0,,,,0,0,0,0,0.0,0,,,github-corrective-prs,,0,0,unavailable (no GitHub issues — needs Jira),2026-09-04T13:25:07Z
2026-08,2026-08-01,2026-09-01,repo,cpp-context-archiving,cpp-context-archiving,1,0,0,0,0,,,,,0,,0,0,0,,,,,0,,,0,,,0,,team-branch,0,,,0,,,0,,,,0,0,0,,,,0,0,0,0,,0,,,github-corrective-prs,,0,0,unavailable (no GitHub issues — needs Jira),2026-09-04T13:25:07Z
2026-08,2026-08-01,2026-09-01,repo,cpp-context-audit2dls,cpp-context-audit2dls,1,0,0,0,0,,,,,0,,0,0,0,,,,,0,,,0,,,0,,team-branch,0,,,0,,,0,,,,0,0,0,,,,0,0,0,0,,0,,,github-corrective-prs,,0,0,unavailable (no GitHub issues — needs Jira),2026-09-04T13:25:07Z
2026-08,2026-08-01,2026-09-01,repo,cpp-context-azure-legalaidagency,cpp-context-azure-legalaidagency,1,1,0,1,1,50.2,50.2,,,0,,0,0,1,100.0,0.0,39.9,39.9,1,,,0,39.9,39.9,1,100.0,team-branch,0,39.9,39.9,1,100.0,100.0,0,0.0,,,0,0,0,,,8.7,2,0,0,2,0.0,0,,,github-corrective-prs,,0,0,unavailable (no GitHub issues — needs Jira),2026-09-04T13:25:07Z
2026-08,2026-08-01,2026-09-01,repo,cpp-context-boxworkmanagement,cpp-context-boxworkmanagement,1,1,3,0,1,1.0,1.0,,,0,0.0,1,0,0,0.0,100.0,1.0,1.0,1,1.0,1.0,1,,,0,0.0,team-branch,0,,,0,0.0,0.0,1,100.0,698.1,698.1,0,0,0,,,,0,0,0,0,0.0,0,,,github-corrective-prs,,0,0,unavailable (no GitHub issues — needs Jira),2026-09-04T13:25:07Z
2026-08,2026-08-01,2026-09-01,repo,cpp-context-businessprocesses,cpp-context-businessprocesses,1,4,3,0,1,269.6,269.6,,,0,0.0,1,0,0,0.0,0.0,0.5,132.5,4,0.5,132.5,4,,,0,0.0,team-branch,0,,,0,0.0,0.0,4,100.0,603.8,737.0,0,0,0,,,,0,0,0,0,0.0,0,,,github-corrective-prs,,0,0,unavailable (no GitHub issues — needs Jira),2026-09-04T13:25:07Z
2026-08,2026-08-01,2026-09-01,repo,cpp-context-correspondence,cpp-context-correspondence,1,2,0,0,2,422.2,550.7,,,0,0.0,2,0,1,50.0,0.0,127.6,205.3,2,127.6,205.3,2,,,0,0.0,team-branch,0,,,0,0.0,0.0,2,100.0,477.4,544.8,0,0,0,,,,0,0,0,0,0.0,0,,,github-corrective-prs,,0,0,unavailable (no GitHub issues — needs Jira),2026-09-04T13:25:07Z
2026-08,2026-08-01,2026-09-01,repo,cpp-context-defence,cpp-context-defence,1,1,0,0,1,237.7,237.7,,,0,0.0,1,0,0,0.0,100.0,237.7,237.7,1,237.7,237.7,1,,,0,0.0,team-branch,0,,,0,0.0,0.0,1,100.0,572.8,572.8,0,0,0,,,,0,0,0,0,0.0,0,,,github-corrective-prs,,0,0,unavailable (no GitHub issues — needs Jira),2026-09-04T13:25:07Z
2026-08,2026-08-01,2026-09-01,repo,cpp-context-hearing,cpp-context-hearing,1,14,6,5,15,1.5,22.5,,,0,0.0,14,0,3,20.0,46.7,1.0,14.3,14,1.1,15.6,13,0.9,0.9,1,7.1,team-branch,0,0.9,0.9,1,7.1,7.1,13,92.9,550.1,725.6,0,0,0,31.7,36.2,9.4,3,2,0,1,0.0,0,,,github-corrective-prs,,0,0,unavailable (no GitHub issues — needs Jira),2026-09-04T13:25:07Z
2026-08,2026-08-01,2026-09-01,repo,cpp-context-hearing-nows,cpp-context-hearing-nows,1,2,0,1,2,107.3,147.3,,,0,0.0,1,0,1,50.0,50.0,102.1,145.7,2,164.4,164.4,1,39.7,39.7,1,50.0,team-branch,0,39.7,39.7,1,50.0,50.0,1,50.0,505.6,505.6,0,0,0,,,9.3,1,0,0,1,0.0,0,,,github-corrective-prs,,0,0,unavailable (no GitHub issues — needs Jira),2026-09-04T13:25:07Z
2026-08,2026-08-01,2026-09-01,repo,cpp-context-idam-events-consumer,cpp-context-idam-events-consumer,1,0,0,0,0,,,,,0,,0,0,0,,,,,0,,,0,,,0,,unclassified,0,,,0,,,0,,,,0,0,0,,,,0,0,0,0,,0,,,github-corrective-prs,,0,0,unavailable (no GitHub issues — needs Jira),2026-09-04T13:25:07Z
2026-08,2026-08-01,2026-09-01,repo,cpp-context-listing,cpp-context-listing,1,22,3,2,18,6.0,140.4,,,0,5.9,17,1,3,16.7,44.4,2.6,65.1,22,2.5,39.7,21,872.8,872.8,1,4.5,team-branch,0,872.8,872.8,1,4.5,13.6,19,86.4,580.2,741.7,2,0,0,36.3,46.0,9.2,3,3,0,0,4.5,1,,,github-corrective-prs,,0,2,unavailable (no GitHub issues — needs Jira),2026-09-04T13:25:07Z
2026-08,2026-08-01,2026-09-01,repo,cpp-context-listing-courtscheduler,cpp-context-listing-courtscheduler,1,12,0,0,9,6.9,20.7,,,0,0.0,9,0,3,33.3,11.1,2.1,9.2,12,2.1,9.2,12,,,0,0.0,team-branch,0,,,0,0.0,0.0,12,100.0,721.7,755.0,0,0,0,15.3,15.3,9.2,1,1,0,0,8.3,1,,,github-corrective-prs,,0,1,unavailable (no GitHub issues — needs Jira),2026-09-04T13:25:07Z
2026-08,2026-08-01,2026-09-01,repo,cpp-context-material,cpp-context-material,1,0,0,0,0,,,,,0,,0,0,0,,,,,0,,,0,,,0,,team-branch,0,,,0,,,0,,,,0,0,0,,,,0,0,0,0,,0,,,github-corrective-prs,,0,0,unavailable (no GitHub issues — needs Jira),2026-09-04T13:25:07Z
2026-08,2026-08-01,2026-09-01,repo,cpp-context-material-id-mapper,cpp-context-material-id-mapper,1,0,0,0,0,,,,,0,,0,0,0,,,,,0,,,0,,,0,,unclassified,0,,,0,,,0,,,,0,0,0,,,,0,0,0,0,,0,,,github-corrective-prs,,0,0,unavailable (no GitHub issues — needs Jira),2026-09-04T13:25:07Z
2026-08,2026-08-01,2026-09-01,repo,cpp-context-mi-reportdata,cpp-context-mi-reportdata,1,19,4,2,8,76.3,195.9,,,0,0.0,7,0,2,25.0,0.0,3.9,113.4,19,4.6,100.0,16,2.4,1078.2,3,15.8,team-branch,0,264.2,776.5,5,26.3,26.3,14,73.7,490.6,744.0,0,0,0,,,12.0,1,0,0,1,0.0,0,,,github-corrective-prs,,0,0,unavailable (no GitHub issues — needs Jira),2026-09-04T13:25:07Z
2026-08,2026-08-01,2026-09-01,repo,cpp-context-mi-systemdata,cpp-context-mi-systemdata,1,0,0,0,0,,,,,0,,0,0,0,,,,,0,,,0,,,0,,team-branch,0,,,0,,,0,,,,0,0,0,,,,0,0,0,0,,0,,,github-corrective-prs,,0,0,unavailable (no GitHub issues — needs Jira),2026-09-04T13:25:07Z
2026-08,2026-08-01,2026-09-01,repo,cpp-context-notification,cpp-context-notification,1,2,0,0,2,1.5,2.3,,,0,0.0,2,0,0,0.0,100.0,1.5,2.3,2,1.5,2.3,2,,,0,0.0,team-branch,0,,,0,0.0,0.0,2,100.0,567.9,575.5,0,0,0,,,,0,0,0,0,0.0,0,,,github-corrective-prs,,0,0,unavailable (no GitHub issues — needs Jira),2026-09-04T13:25:07Z
2026-08,2026-08-01,2026-09-01,repo,cpp-context-notification-notify,cpp-context-notification-notify,1,0,3,0,0,,,,,0,,0,0,0,,,,,0,,,0,,,0,,team-branch,0,,,0,,,0,,,,0,0,0,,,,0,0,0,0,,0,,,github-corrective-prs,,0,0,unavailable (no GitHub issues — needs Jira),2026-09-04T13:25:07Z
2026-08,2026-08-01,2026-09-01,repo,cpp-context-progression,cpp-context-progression,1,30,1,11,16,83.1,384.0,,,0,0.0,14,0,7,43.8,6.2,4.9,86.0,30,5.8,95.4,25,4.0,45.7,5,16.7,team-branch,0,4.0,45.7,5,16.7,16.7,25,83.3,384.1,594.2,0,0,0,74.2,74.2,9.3,5,1,0,4,0.0,0,,,github-corrective-prs,,0,0,unavailable (no GitHub issues — needs Jira),2026-09-04T13:25:07Z
2026-08,2026-08-01,2026-09-01,repo,cpp-context-prosecution-casefile,cpp-context-prosecution-casefile,1,18,3,1,13,18.8,197.5,,,0,0.0,13,0,4,30.8,0.0,2.0,21.6,18,2.0,23.5,16,3.8,5.7,2,11.1,team-branch,0,3.8,5.7,2,11.1,11.1,16,88.9,296.4,509.0,0,0,0,,,9.3,1,0,0,1,0.0,0,,,github-corrective-prs,,0,2,unavailable (no GitHub issues — needs Jira),2026-09-04T13:25:07Z
2026-08,2026-08-01,2026-09-01,repo,cpp-context-prosecution-casefile-dlrm,cpp-context-prosecution-casefile-dlrm,1,4,0,0,3,69.5,184.7,,,0,0.0,3,0,0,0.0,0.0,67.2,105.9,4,67.2,105.9,4,,,0,0.0,team-branch,0,,,0,0.0,0.0,4,100.0,586.3,638.9,0,0,0,,,,0,0,0,0,0.0,0,,,github-corrective-prs,,0,0,unavailable (no GitHub issues — needs Jira),2026-09-04T13:25:07Z
2026-08,2026-08-01,2026-09-01,repo,cpp-context-prosecution-documentqueue,cpp-context-prosecution-documentqueue,1,2,0,0,3,0.6,159.1,,,0,0.0,3,0,0,0.0,0.0,113.8,193.1,2,113.8,193.1,2,,,0,0.0,team-branch,0,,,0,0.0,0.0,2,100.0,535.5,558.4,0,0,0,,,,0,0,0,0,0.0,0,,,github-corrective-prs,,0,0,unavailable (no GitHub issues — needs Jira),2026-09-04T13:25:07Z
2026-08,2026-08-01,2026-09-01,repo,cpp-context-reference-data,cpp-context-reference-data,1,0,0,3,0,,,,,0,,0,0,0,,,,,0,,,0,,,0,,team-branch,0,,,0,,,0,,,,0,0,0,88.2,111.9,9.2,3,2,0,1,,0,,,github-corrective-prs,,0,0,unavailable (no GitHub issues — needs Jira),2026-09-04T13:25:07Z
2026-08,2026-08-01,2026-09-01,repo,cpp-context-referencedata-offences,cpp-context-referencedata-offences,1,0,0,1,0,,,,,0,,0,0,0,,,,,0,,,0,,,0,,team-branch,0,,,0,,,0,,,,0,0,0,33.1,33.1,9.3,2,1,0,1,,0,,,github-corrective-prs,,0,0,unavailable (no GitHub issues — needs Jira),2026-09-04T13:25:07Z
2026-08,2026-08-01,2026-09-01,repo,cpp-context-resulting,cpp-context-resulting,1,1,0,0,1,170.5,170.5,,,0,0.0,1,0,0,0.0,100.0,170.5,170.5,1,170.5,170.5,1,,,0,0.0,team-branch,0,,,0,0.0,0.0,1,100.0,505.6,505.6,0,0,0,,,,0,0,0,0,0.0,0,,,github-corrective-prs,,0,0,unavailable (no GitHub issues — needs Jira),2026-09-04T13:25:07Z
2026-08,2026-08-01,2026-09-01,repo,cpp-context-results,cpp-context-results,1,4,0,2,4,32.8,116.3,,,0,0.0,2,0,1,25.0,25.0,29.0,112.8,4,93.0,147.2,2,21.4,36.1,2,50.0,team-branch,0,21.4,36.1,2,50.0,50.0,2,50.0,635.0,725.6,0,0,0,,,9.2,3,0,0,3,0.0,0,,,github-corrective-prs,,0,0,unavailable (no GitHub issues — needs Jira),2026-09-04T13:25:07Z
2026-08,2026-08-01,2026-09-01,repo,cpp-context-sjp,cpp-context-sjp,1,9,2,1,7,50.2,475.7,,,0,0.0,6,0,3,42.9,42.9,11.2,65.3,9,10.9,68.4,8,42.0,42.0,1,11.1,team-branch,0,42.0,42.0,1,11.1,11.1,8,88.9,467.2,596.6,0,0,0,,,8.3,3,0,0,3,22.2,2,,,github-corrective-prs,,0,1,unavailable (no GitHub issues — needs Jira),2026-09-04T13:25:07Z
2026-08,2026-08-01,2026-09-01,repo,cpp-context-staging,cpp-context-staging,1,1,0,0,1,3.0,3.0,,,0,0.0,1,0,0,0.0,100.0,3.0,3.0,1,3.0,3.0,1,,,0,0.0,team-branch,0,,,0,0.0,0.0,1,100.0,579.2,579.2,0,0,0,,,,0,0,0,0,0.0,0,,,github-corrective-prs,,0,0,unavailable (no GitHub issues — needs Jira),2026-09-04T13:25:07Z
2026-08,2026-08-01,2026-09-01,repo,cpp-context-staging-bulkscan,cpp-context-staging-bulkscan,1,0,0,0,0,,,,,0,,0,0,0,,,,,0,,,0,,,0,,team-branch,0,,,0,,,0,,,,0,0,0,,,,0,0,0,0,,0,,,github-corrective-prs,,0,0,unavailable (no GitHub issues — needs Jira),2026-09-04T13:25:07Z
2026-08,2026-08-01,2026-09-01,repo,cpp-context-staging-darts,cpp-context-staging-darts,1,3,0,0,3,16.4,73.6,,,0,0.0,3,0,0,0.0,66.7,16.4,73.6,3,16.4,73.6,3,,,0,0.0,team-branch,0,,,0,0.0,0.0,3,100.0,741.6,810.7,0,0,0,,,,0,0,0,0,0.0,0,,,github-corrective-prs,,0,0,unavailable (no GitHub issues — needs Jira),2026-09-04T13:25:07Z
2026-08,2026-08-01,2026-09-01,repo,cpp-context-staging-dcs,cpp-context-staging-dcs,1,1,0,0,1,164.3,164.3,,,0,0.0,1,0,0,0.0,100.0,164.3,164.3,1,164.3,164.3,1,,,0,0.0,team-branch,0,,,0,0.0,0.0,1,100.0,505.6,505.6,0,0,0,,,,0,0,0,0,0.0,0,,,github-corrective-prs,,0,0,unavailable (no GitHub issues — needs Jira),2026-09-04T13:25:07Z
2026-08,2026-08-01,2026-09-01,repo,cpp-context-staging-dvla,cpp-context-staging-dvla,1,1,0,0,1,232.3,232.3,,,0,0.0,1,0,0,0.0,0.0,232.3,232.3,1,232.3,232.3,1,,,0,0.0,team-branch,0,,,0,0.0,0.0,1,100.0,567.4,567.4,0,0,0,,,,0,0,0,0,0.0,0,,,github-corrective-prs,,0,0,unavailable (no GitHub issues — needs Jira),2026-09-04T13:25:07Z
2026-08,2026-08-01,2026-09-01,repo,cpp-context-staging-enforcement,cpp-context-staging-enforcement,1,5,0,4,5,13.6,31.9,,,0,0.0,3,0,1,20.0,80.0,13.6,28.3,5,13.6,17.8,3,22.2,35.6,2,40.0,team-branch,0,22.2,35.6,2,40.0,40.0,3,60.0,432.0,551.0,0,0,0,6.0,25.7,5.2,6,5,0,1,0.0,0,,,github-corrective-prs,,0,0,unavailable (no GitHub issues — needs Jira),2026-09-04T13:25:07Z
2026-08,2026-08-01,2026-09-01,repo,cpp-context-staging-pnld-offences,cpp-context-staging-pnld-offences,1,0,0,0,0,,,,,0,,0,0,0,,,,,0,,,0,,,0,,unclassified,0,,,0,,,0,,,,0,0,0,,,,0,0,0,0,,0,,,github-corrective-prs,,0,0,unavailable (no GitHub issues — needs Jira),2026-09-04T13:25:07Z
2026-08,2026-08-01,2026-09-01,repo,cpp-context-staging-prosecutors,cpp-context-staging-prosecutors,1,0,0,0,0,,,,,0,,0,0,0,,,,,0,,,0,,,0,,team-branch,0,,,0,,,0,,,,0,0,0,,,8.1,3,0,0,3,,0,,,github-corrective-prs,,0,0,unavailable (no GitHub issues — needs Jira),2026-09-04T13:25:07Z
2026-08,2026-08-01,2026-09-01,repo,cpp-context-staging-prosecutors-civil,cpp-context-staging-prosecutors-civil,1,14,0,1,6,213.6,405.4,,,0,0.0,6,0,3,50.0,0.0,0.9,54.7,14,0.9,54.7,14,,,0,0.0,team-branch,0,,,0,0.0,0.0,14,100.0,254.0,588.3,0,0,0,,,9.2,1,0,0,1,0.0,0,,,github-corrective-prs,,0,0,unavailable (no GitHub issues — needs Jira),2026-09-04T13:25:07Z
2026-08,2026-08-01,2026-09-01,repo,cpp-context-staging-prosecutors-spi,cpp-context-staging-prosecutors-spi,1,1,0,0,1,13.8,13.8,,,0,,0,0,0,0.0,0.0,13.8,13.8,1,,,0,13.8,13.8,1,100.0,team-branch,0,13.8,13.8,1,100.0,100.0,0,0.0,,,0,0,0,10.9,10.9,10.3,1,1,0,0,0.0,0,,,github-corrective-prs,,0,0,unavailable (no GitHub issues — needs Jira),2026-09-04T13:25:07Z
2026-08,2026-08-01,2026-09-01,repo,cpp-context-staging-pubhub,cpp-context-staging-pubhub,1,0,0,0,0,,,,,0,,0,0,0,,,,,0,,,0,,,0,,unclassified,0,,,0,,,0,,,,0,0,0,,,,0,0,0,0,,0,,,github-corrective-prs,,0,0,unavailable (no GitHub issues — needs Jira),2026-09-04T13:25:07Z
2026-08,2026-08-01,2026-09-01,repo,cpp-context-stagingdlrm,cpp-context-stagingdlrm,1,23,0,0,14,71.4,175.2,,,0,0.0,14,0,0,0.0,28.6,10.1,86.3,23,10.1,86.3,23,,,0,0.0,team-branch,0,,,0,0.0,0.0,23,100.0,528.3,603.7,0,0,0,,,,0,0,0,0,4.3,1,,,github-corrective-prs,,0,0,unavailable (no GitHub issues — needs Jira),2026-09-04T13:25:07Z
2026-08,2026-08-01,2026-09-01,repo,cpp-context-subscriptions,cpp-context-subscriptions,1,2,0,0,2,107.8,148.1,,,0,0.0,1,0,1,50.0,50.0,103.0,146.7,2,165.4,165.4,1,40.6,40.6,1,50.0,team-branch,0,40.6,40.6,1,50.0,50.0,1,50.0,506.5,506.5,0,0,0,,,,0,0,0,0,0.0,0,,,github-corrective-prs,,0,0,unavailable (no GitHub issues — needs Jira),2026-09-04T13:25:07Z
2026-08,2026-08-01,2026-09-01,repo,cpp-context-support,cpp-context-support,1,1,2,0,1,1.0,1.0,,,0,0.0,1,0,0,0.0,100.0,1.0,1.0,1,1.0,1.0,1,,,0,0.0,team-branch,0,,,0,0.0,0.0,1,100.0,698.2,698.2,0,0,0,,,,0,0,0,0,0.0,0,,,github-corrective-prs,,0,0,unavailable (no GitHub issues — needs Jira),2026-09-04T13:25:07Z
2026-08,2026-08-01,2026-09-01,repo,cpp-context-system-announcement,cpp-context-system-announcement,1,1,0,0,1,3.5,3.5,,,0,0.0,1,0,0,0.0,100.0,3.5,3.5,1,3.5,3.5,1,,,0,0.0,team-branch,0,,,0,0.0,0.0,1,100.0,579.6,579.6,0,0,0,,,,0,0,0,0,0.0,0,,,github-corrective-prs,,0,0,unavailable (no GitHub issues — needs Jira),2026-09-04T13:25:07Z
2026-08,2026-08-01,2026-09-01,repo,cpp-context-system-doc-generator,cpp-context-system-doc-generator,1,5,5,6,5,0.9,42.3,,,0,0.0,4,0,1,20.0,20.0,0.9,38.3,5,0.9,20.8,4,40.3,40.3,1,20.0,team-branch,0,40.3,40.3,1,20.0,20.0,4,80.0,548.3,724.2,0,0,0,78.8,84.0,9.3,3,2,0,1,0.0,0,,,github-corrective-prs,,0,0,unavailable (no GitHub issues — needs Jira),2026-09-04T13:25:07Z
2026-08,2026-08-01,2026-09-01,repo,cpp-context-system-id-mapper,cpp-context-system-id-mapper,1,1,0,0,1,3.1,3.1,,,0,0.0,1,0,0,0.0,100.0,3.1,3.1,1,3.1,3.1,1,,,0,0.0,team-branch,0,,,0,0.0,0.0,1,100.0,580.0,580.0,0,0,0,,,,0,0,0,0,0.0,0,,,github-corrective-prs,,0,0,unavailable (no GitHub issues — needs Jira),2026-09-04T13:25:07Z
2026-08,2026-08-01,2026-09-01,repo,cpp-context-system-scheduling,cpp-context-system-scheduling,1,1,0,0,1,3.1,3.1,,,0,0.0,1,0,0,0.0,100.0,3.1,3.1,1,3.1,3.1,1,,,0,0.0,team-branch,0,,,0,0.0,0.0,1,100.0,579.3,579.3,0,0,0,,,,0,0,0,0,0.0,0,,,github-corrective-prs,,0,0,unavailable (no GitHub issues — needs Jira),2026-09-04T13:25:07Z
2026-08,2026-08-01,2026-09-01,repo,cpp-context-unifiedsearch-query,cpp-context-unifiedsearch-query,1,0,2,0,0,,,,,0,,0,0,0,,,,,0,,,0,,,0,,team-branch,0,,,0,,,0,,,,0,0,0,,,,0,0,0,0,,0,,,github-corrective-prs,,0,0,unavailable (no GitHub issues — needs Jira),2026-09-04T13:25:07Z
2026-08,2026-08-01,2026-09-01,repo,cpp-context-users-groups,cpp-context-users-groups,1,1,3,0,1,0.8,0.8,,,0,0.0,1,0,0,0.0,100.0,0.8,0.8,1,0.8,0.8,1,,,0,0.0,team-branch,0,,,0,0.0,0.0,1,100.0,697.9,697.9,0,0,0,,,,0,0,0,0,0.0,0,,,github-corrective-prs,,0,0,unavailable (no GitHub issues — needs Jira),2026-09-04T13:25:07Z
2026-08,2026-08-01,2026-09-01,repo,cpp-context-work-management-proxy,cpp-context-work-management-proxy,1,0,3,0,0,,,,,0,,0,0,0,,,,,0,,,0,,,0,,team-branch,0,,,0,,,0,,,,0,0,0,,,,0,0,0,0,,0,,,github-corrective-prs,,0,0,unavailable (no GitHub issues — needs Jira),2026-09-04T13:25:07Z
2026-08,2026-08-01,2026-09-01,repo,cpp-ui-ai-intelligence,cpp-ui-ai-intelligence,1,1,1,1,1,24.9,24.9,,,0,,0,0,1,100.0,0.0,3.7,3.7,1,,,0,3.7,3.7,1,100.0,team-branch,0,3.7,3.7,1,100.0,100.0,0,0.0,,,0,0,0,34.4,34.4,11.2,1,1,0,0,100.0,1,,,github-corrective-prs,,0,0,unavailable (no GitHub issues — needs Jira),2026-09-04T13:25:07Z
2026-08,2026-08-01,2026-09-01,repo,cpp-ui-audit-reports,cpp-ui-audit-reports,1,0,0,0,0,,,,,0,,0,0,0,,,,,0,,,0,,,0,,team-branch,0,,,0,,,0,,,,0,0,0,,,,0,0,0,0,,0,,,github-corrective-prs,,0,0,unavailable (no GitHub issues — needs Jira),2026-09-04T13:25:07Z
2026-08,2026-08-01,2026-09-01,repo,cpp-ui-bulkscan,cpp-ui-bulkscan,1,1,1,0,1,24.9,24.9,,,0,,0,0,1,100.0,0.0,2.6,2.6,1,,,0,2.6,2.6,1,100.0,unclassified,0,2.6,2.6,1,100.0,100.0,0,0.0,,,0,0,0,,,,0,0,0,0,100.0,1,,,github-corrective-prs,,0,0,unavailable (no GitHub issues — needs Jira),2026-09-04T13:25:07Z
2026-08,2026-08-01,2026-09-01,repo,cpp-ui-case-management,cpp-ui-case-management,1,1,1,0,1,24.9,24.9,,,0,,0,0,1,100.0,0.0,24.2,24.2,1,,,0,24.2,24.2,1,100.0,team-branch,0,24.2,24.2,1,100.0,100.0,0,0.0,,,0,0,0,,,,0,0,0,0,100.0,1,,,github-corrective-prs,,0,0,unavailable (no GitHub issues — needs Jira),2026-09-04T13:25:07Z
2026-08,2026-08-01,2026-09-01,repo,cpp-ui-courtscheduler,cpp-ui-courtscheduler,1,2,1,1,2,12.5,21.2,,,0,0.0,1,0,1,50.0,0.0,1.5,2.5,2,0.1,0.1,1,3.0,3.0,1,50.0,unclassified,0,3.0,3.0,1,50.0,50.0,1,50.0,714.9,714.9,0,0,0,,,,0,0,0,0,50.0,1,,,github-corrective-prs,,0,0,unavailable (no GitHub issues — needs Jira),2026-09-04T13:25:07Z
2026-08,2026-08-01,2026-09-01,repo,cpp-ui-defence,cpp-ui-defence,1,1,1,0,1,0.2,0.2,,,0,0.0,1,0,0,0.0,0.0,0.2,0.2,1,0.2,0.2,1,,,0,0.0,team-branch,0,,,0,0.0,0.0,1,100.0,767.2,767.2,0,0,0,82.2,82.2,9.2,1,1,0,0,0.0,0,,,github-corrective-prs,,0,0,unavailable (no GitHub issues — needs Jira),2026-09-04T13:25:07Z
2026-08,2026-08-01,2026-09-01,repo,cpp-ui-external-services,cpp-ui-external-services,1,2,1,0,2,12.6,21.2,,,0,,0,0,1,50.0,50.0,11.7,19.7,2,,,0,11.7,19.7,2,100.0,unclassified,0,11.7,19.7,2,100.0,100.0,0,0.0,,,0,0,0,,,,0,0,0,0,50.0,1,,,github-corrective-prs,,0,0,unavailable (no GitHub issues — needs Jira),2026-09-04T13:25:07Z
2026-08,2026-08-01,2026-09-01,repo,cpp-ui-hearing,cpp-ui-hearing,1,22,0,4,24,2.5,35.5,,,0,0.0,21,0,4,16.7,29.2,0.7,11.5,22,0.7,7.4,18,1.2,22.3,4,18.2,team-branch,0,1.2,22.3,4,18.2,18.2,18,81.8,571.8,746.2,0,0,0,11.0,11.0,9.4,1,1,0,0,0.0,0,,,github-corrective-prs,,0,0,unavailable (no GitHub issues — needs Jira),2026-09-04T13:25:07Z
2026-08,2026-08-01,2026-09-01,repo,cpp-ui-home,cpp-ui-home,1,5,1,1,5,0.2,107.2,,,0,0.0,3,0,2,40.0,0.0,0.2,1.5,5,0.2,0.2,3,3.5,3.5,1,25.0,team-branch,0,3.5,3.5,1,20.0,20.0,4,80.0,736.5,736.6,0,0,0,,,,0,0,0,0,20.0,1,,,github-corrective-prs,,0,0,unavailable (no GitHub issues — needs Jira),2026-09-04T13:25:07Z
2026-08,2026-08-01,2026-09-01,repo,cpp-ui-listing,cpp-ui-listing,1,7,1,3,8,1.3,42.0,,,0,0.0,8,0,1,12.5,0.0,1.0,44.5,7,1.0,44.5,7,,,0,0.0,team-branch,0,,,0,0.0,0.0,7,100.0,719.1,769.9,0,0,0,12.4,12.4,10.2,1,1,0,0,0.0,0,,,github-corrective-prs,,0,0,unavailable (no GitHub issues — needs Jira),2026-09-04T13:25:07Z
2026-08,2026-08-01,2026-09-01,repo,cpp-ui-managepermissions,cpp-ui-managepermissions,1,1,0,0,1,24.9,24.9,,,0,,0,0,1,100.0,0.0,23.6,23.6,1,,,0,23.6,23.6,1,100.0,unclassified,0,23.6,23.6,1,100.0,100.0,0,0.0,,,0,0,0,,,,0,0,0,0,100.0,1,,,github-corrective-prs,,0,0,unavailable (no GitHub issues — needs Jira),2026-09-04T13:25:07Z
2026-08,2026-08-01,2026-09-01,repo,cpp-ui-opami,cpp-ui-opami,1,3,2,0,3,24.9,110.6,,,0,0.0,2,0,2,66.7,33.3,3.2,17.5,3,1.7,2.7,2,23.6,23.6,1,33.3,team-branch,0,23.6,23.6,1,33.3,33.3,2,66.7,553.0,554.3,0,0,0,,,,0,0,0,0,33.3,1,,,github-corrective-prs,,0,0,unavailable (no GitHub issues — needs Jira),2026-09-04T13:25:07Z
2026-08,2026-08-01,2026-09-01,repo,cpp-ui-prosecution-casefile,cpp-ui-prosecution-casefile,1,10,0,5,10,29.3,315.2,,,0,0.0,8,0,1,10.0,20.0,26.9,58.6,10,29.3,62.2,8,12.8,21.6,2,20.0,team-branch,0,12.8,21.6,2,20.0,20.0,8,80.0,483.3,662.6,0,0,0,115.3,115.3,9.3,3,1,0,2,10.0,1,,,github-corrective-prs,,0,0,unavailable (no GitHub issues — needs Jira),2026-09-04T13:25:07Z
2026-08,2026-08-01,2026-09-01,repo,cpp-ui-prosecutor,cpp-ui-prosecutor,1,4,1,1,6,215.4,264.2,,,0,0.0,6,0,2,33.3,0.0,1.4,119.6,4,2.5,151.5,3,,,0,0.0,team-branch,0,,,0,0.0,0.0,4,100.0,505.5,505.9,0,0,0,,,,0,0,0,0,0.0,0,,,github-corrective-prs,,0,0,unavailable (no GitHub issues — needs Jira),2026-09-04T13:25:07Z
2026-08,2026-08-01,2026-09-01,repo,cpp-ui-sjp,cpp-ui-sjp,1,2,0,2,2,93.3,142.1,,,0,0.0,2,0,1,50.0,0.0,81.6,138.6,2,81.6,138.6,2,,,0,0.0,team-branch,0,,,0,0.0,0.0,2,100.0,731.7,739.9,0,0,0,,,,0,0,0,0,0.0,0,,,github-corrective-prs,,0,0,unavailable (no GitHub issues — needs Jira),2026-09-04T13:25:07Z
2026-08,2026-08-01,2026-09-01,repo,cpp-ui-subscriptions,cpp-ui-subscriptions,1,1,1,0,1,24.9,24.9,,,0,,0,0,1,100.0,0.0,2.8,2.8,1,,,0,2.8,2.8,1,100.0,team-branch,0,2.8,2.8,1,100.0,100.0,0,0.0,,,0,0,0,,,,0,0,0,0,100.0,1,,,github-corrective-prs,,0,0,unavailable (no GitHub issues — needs Jira),2026-09-04T13:25:07Z
2026-08,2026-08-01,2026-09-01,repo,cpp-ui-work-management,cpp-ui-work-management,1,1,0,0,1,24.9,24.9,,,0,,0,0,1,100.0,0.0,24.1,24.1,1,,,0,24.1,24.1,1,100.0,team-branch,0,24.1,24.1,1,100.0,100.0,0,0.0,,,0,0,0,,,,0,0,0,0,100.0,1,,,github-corrective-prs,,0,0,unavailable (no GitHub issues — needs Jira),2026-09-04T13:25:07Z
2026-08,2026-08-01,2026-09-01,repo,service-cp-caseadmin-case-urn-mapper,service-cp-caseadmin-case-urn-mapper,1,0,0,0,0,,,,,0,,0,0,0,,,,,0,,,0,,,0,,trunk-based,1,,,0,,,0,,,,0,0,0,,,,0,0,0,0,,0,,,github-corrective-prs,,0,0,unavailable (no GitHub issues — needs Jira),2026-09-04T13:25:07Z
2026-08,2026-08-01,2026-09-01,repo,service-cp-crime-prosecution-case-details,service-cp-crime-prosecution-case-details,1,0,8,0,0,,,,,0,,0,0,0,,,,,0,,,0,,,0,,trunk-based,1,,,0,,,0,,,,0,0,0,,,,0,0,0,0,,0,,,github-corrective-prs,,0,0,unavailable (no GitHub issues — needs Jira),2026-09-04T13:25:07Z
2026-08,2026-08-01,2026-09-01,repo,service-cp-crime-scheduleandlist-courtschedule,service-cp-crime-scheduleandlist-courtschedule,1,0,0,0,0,,,,,0,,0,0,0,,,,,0,,,0,,,0,,trunk-based,1,,,0,,,0,,,,0,0,0,,,,0,0,0,0,,0,,,github-corrective-prs,,0,0,unavailable (no GitHub issues — needs Jira),2026-09-04T13:25:07Z
2026-08,2026-08-01,2026-09-01,repo,service-cp-refdata-courthearing-courthouses,service-cp-refdata-courthearing-courthouses,1,0,0,0,0,,,,,0,,0,0,0,,,,,0,,,0,,,0,,trunk-based,1,,,0,,,0,,,,0,0,0,,,,0,0,0,0,,0,,,github-corrective-prs,,0,0,unavailable (no GitHub issues — needs Jira),2026-09-04T13:25:07Z
